0.16271571815013885,0.47019660472869873,3.225491127523128e-07,0.21434402465820312,0.4280710518360138,-0.007913615554571152,0.24950557947158813,0.38166284561157227,-0.02542099356651306,0.2856123149394989,0.35946446657180786,-0.04694921523332596,0.31789761781692505,0.34289926290512085,-0.0676875039935112,0.1753997504711151,0.2619406580924988,-0.023281455039978027,0.1810956746339798,0.1889376938343048,-0.04492040351033211,0.17979156970977783,0.1299438327550888,-0.06164411082863808,0.17871159315109253,0.0828930139541626,-0.07516106963157654,0.15044943988323212,0.26786524057388306,-0.03603292629122734,0.2275826632976532,0.26973599195480347,-0.06974982470273972,0.27661722898483276,0.2980571985244751,-0.08424670249223709,0.3097061514854431,0.3249838948249817,-0.08968381583690643,0.1413576602935791,0.29413220286369324,-0.04891451448202133,0.21997793018817902,0.2984255254268646,-0.07655785232782364,0.267103910446167,0.3226233422756195,-0.07775949686765671,0.3005944788455963,0.34448620676994324,-0.07430262863636017,0.1448737382888794,0.32921576499938965,-0.06356138736009598,0.206244558095932,0.32814598083496094,-0.08175065368413925,0.24311791360378265,0.34279146790504456,-0.07955432683229446,0.2727071940898895,0.35619229078292847,-0.07406357675790787,d
0.1555631011724472,0.4765147268772125,2.960227050152753e-07,0.20850811898708344,0.4265751838684082,-0.009332090616226196,0.2443912923336029,0.3767886757850647,-0.02886485867202282,0.2817873954772949,0.35474610328674316,-0.052608001977205276,0.3168572783470154,0.3401922583580017,-0.0759042426943779,0.17529883980751038,0.2646457850933075,-0.02535989321768284,0.18276220560073853,0.1859647035598755,-0.04592455178499222,0.17864194512367249,0.12792125344276428,-0.05986402556300163,0.17688864469528198,0.08232724666595459,-0.0708216056227684,0.14991191029548645,0.2720355689525604,-0.037652552127838135,0.2309463769197464,0.2740580141544342,-0.07064522057771683,0.2782030403614044,0.3023225665092468,-0.083042673766613,0.31044602394104004,0.32652971148490906,-0.08670200407505035,0.14035412669181824,0.2988365888595581,-0.050181202590465546,0.22322556376457214,0.30238425731658936,-0.07793727517127991,0.27157852053642273,0.32414454221725464,-0.08003874123096466,0.3074369728565216,0.3424035608768463,-0.0767996534705162,0.14272759854793549,0.33202889561653137,-0.06446966528892517,0.20781999826431274,0.3284928500652313,-0.08149329572916031,0.2445611208677292,0.3451741635799408,-0.07971100509166718,0.27494296431541443,0.35901182889938354,-0.07439886778593063,d
0.155933678150177,0.48235997557640076,2.904653513269295e-07,0.20962728559970856,0.429804265499115,-0.007402624469250441,0.2455916553735733,0.3803892731666565,-0.025683550164103508,0.28286707401275635,0.35849329829216003,-0.048472385853528976,0.3178520202636719,0.34291398525238037,-0.07064579427242279,0.1761859655380249,0.2643050253391266,-0.02311038225889206,0.18340915441513062,0.18511667847633362,-0.043120354413986206,0.17960809171199799,0.12730513513088226,-0.05705402046442032,0.1774819791316986,0.08132371306419373,-0.06819019466638565,0.1506318747997284,0.2713301479816437,-0.03620454668998718,0.22991575300693512,0.27246785163879395,-0.06834763288497925,0.2778717577457428,0.3006305694580078,-0.08089544624090195,0.3110921382904053,0.3245905935764313,-0.08494837582111359,0.14046382904052734,0.29791221022605896,-0.049408383667469025,0.22299611568450928,0.3029493987560272,-0.07679567486047745,0.27202436327934265,0.3256176710128784,-0.07899265736341476,0.3080992102622986,0.34483060240745544,-0.07597179710865021,0.1419847309589386,0.3311193287372589,-0.0642322525382042,0.2073722779750824,0.32986316084861755,-0.08136869966983795,0.24501684308052063,0.3467334806919098,-0.07961344718933105,0.2756607234477997,0.36063599586486816,-0.07433702796697617,d
0.1563381403684616,0.48515164852142334,2.7042912620345305e-07,0.21012496948242188,0.4301675856113434,-0.0055459351278841496,0.24595636129379272,0.3800216317176819,-0.0224008709192276,0.28295964002609253,0.3565041422843933,-0.04426390677690506,0.3165041506290436,0.33799588680267334,-0.06548405438661575,0.17647835612297058,0.26332446932792664,-0.019234519451856613,0.18381458520889282,0.18483687937259674,-0.03827088698744774,0.17985709011554718,0.1263440102338791,-0.05135069042444229,0.17706488072872162,0.08004845678806305,-0.0616726279258728,0.15062960982322693,0.2699635922908783,-0.03251942992210388,0.22897882759571075,0.271492600440979,-0.06388220936059952,0.2753675580024719,0.30066394805908203,-0.07605802267789841,0.30711013078689575,0.32600533962249756,-0.07944986969232559,0.14007779955863953,0.295966237783432,-0.04590310528874397,0.22247353196144104,0.30351170897483826,-0.07336670160293579,0.2709112763404846,0.3271767199039459,-0.07611537724733353,0.3067466616630554,0.3475901782512665,-0.07288847863674164,0.14122158288955688,0.3285326659679413,-0.060685496777296066,0.20759081840515137,0.3304540514945984,-0.07783029228448868,0.24616020917892456,0.3473891019821167,-0.07678896933794022,0.27771633863449097,0.36147719621658325,-0.07169388234615326,d
0.1566447764635086,0.48696231842041016,2.6277459141965664e-07,0.2102440744638443,0.43097102642059326,-0.005754733458161354,0.24508318305015564,0.37952831387519836,-0.022598393261432648,0.2820199728012085,0.35600945353507996,-0.044518910348415375,0.31565606594085693,0.3383800983428955,-0.06576941907405853,0.17641563713550568,0.2629585862159729,-0.018806371837854385,0.18399350345134735,0.18462105095386505,-0.037973348051309586,0.17961715161800385,0.1261013001203537,-0.05099933594465256,0.17640502750873566,0.07941393554210663,-0.061243802309036255,0.15056349337100983,0.2693710923194885,-0.032114095985889435,0.22885683178901672,0.2713116705417633,-0.0641513243317604,0.2746744155883789,0.30141523480415344,-0.0765276849269867,0.3063301146030426,0.32692497968673706,-0.07969165593385696,0.13978621363639832,0.29501497745513916,-0.04561293125152588,0.22284609079360962,0.30351322889328003,-0.07383297383785248,0.2715282440185547,0.3283207416534424,-0.07696773111820221,0.30799853801727295,0.34904196858406067,-0.07356512546539307,0.1411527395248413,0.32742196321487427,-0.06055247038602829,0.20710456371307373,0.32885637879371643,-0.07798772305250168,0.2462417185306549,0.3448809087276459,-0.07728441059589386,0.27913591265678406,0.35798323154449463,-0.0723024383187294,d
0.15373718738555908,0.4880826473236084,2.64109644376731e-07,0.20897002518177032,0.4314371347427368,-0.005630445200949907,0.243757963180542,0.38047099113464355,-0.022528154775500298,0.2806549370288849,0.35720527172088623,-0.04459206387400627,0.31431227922439575,0.3386473059654236,-0.0659492015838623,0.17503154277801514,0.26236969232559204,-0.018394935876131058,0.18305335938930511,0.18350127339363098,-0.03755079582333565,0.17918363213539124,0.12480545043945312,-0.05064268410205841,0.17634683847427368,0.07826265692710876,-0.06095452234148979,0.14907747507095337,0.26926282048225403,-0.03194812685251236,0.22737443447113037,0.2702755630016327,-0.06351466476917267,0.27355584502220154,0.2992684245109558,-0.07593705505132675,0.30528655648231506,0.323896586894989,-0.07943110167980194,0.1385384351015091,0.29565587639808655,-0.045750685036182404,0.2218530923128128,0.3025773763656616,-0.07355672121047974,0.271209716796875,0.3258693814277649,-0.07686040550470352,0.30776447057724,0.345791757106781,-0.0738825798034668,0.14020800590515137,0.32900455594062805,-0.06100912764668465,0.20605608820915222,0.32820308208465576,-0.07826508581638336,0.2457885444164276,0.3433169722557068,-0.07760433852672577,0.2791084051132202,0.3564823865890503,-0.07281580567359924,d
0.15286937355995178,0.4876006841659546,2.654174977578805e-07,0.20899543166160583,0.4309360682964325,-0.005282258614897728,0.2438240796327591,0.38042446970939636,-0.02186666801571846,0.2808836102485657,0.35795509815216064,-0.043732594698667526,0.3149435222148895,0.3404785990715027,-0.06488324701786041,0.17437133193016052,0.26264262199401855,-0.017847729846835136,0.18213963508605957,0.18335774540901184,-0.03680999204516411,0.1782006025314331,0.12458376586437225,-0.04980098456144333,0.17534437775611877,0.07777222990989685,-0.06013602763414383,0.14867979288101196,0.2697191834449768,-0.031645212322473526,0.2276301383972168,0.26954466104507446,-0.06335553526878357,0.27486249804496765,0.2994629144668579,-0.07579018920660019,0.307476282119751,0.32502904534339905,-0.07926216721534729,0.1383880078792572,0.2958008944988251,-0.04565818980336189,0.22161497175693512,0.3016584813594818,-0.07305187731981277,0.2712900638580322,0.32588744163513184,-0.07586846500635147,0.3078341484069824,0.34696322679519653,-0.07265696674585342,0.14016097784042358,0.32869961857795715,-0.061195965856313705,0.2058372050523758,0.3276815414428711,-0.07798145711421967,0.24555295705795288,0.34325119853019714,-0.07690633833408356,0.2786003649234772,0.35711050033569336,-0.07193411141633987,d
0.15484538674354553,0.4863508939743042,2.737767772487132e-07,0.2094310075044632,0.43075355887413025,-0.006035235244780779,0.24400357902050018,0.37979406118392944,-0.0228485818952322,0.2810123860836029,0.35667744278907776,-0.044625766575336456,0.3145286440849304,0.3390101492404938,-0.06562132388353348,0.17460215091705322,0.2627478539943695,-0.019629381597042084,0.1821596622467041,0.1827995777130127,-0.03864528611302376,0.17807385325431824,0.1244407594203949,-0.051548298448324203,0.17511576414108276,0.07782498002052307,-0.061867255717515945,0.14882858097553253,0.26978766918182373,-0.03301124647259712,0.22763703763484955,0.26934418082237244,-0.06445400416851044,0.27472904324531555,0.2981598377227783,-0.07675156742334366,0.30740121006965637,0.32282668352127075,-0.08038797974586487,0.13836807012557983,0.2958792448043823,-0.046555664390325546,0.22205770015716553,0.30170559883117676,-0.07385599613189697,0.2714390754699707,0.32642602920532227,-0.07644277811050415,0.30763474106788635,0.3475613594055176,-0.07326629012823105,0.13990020751953125,0.32864928245544434,-0.061647795140743256,0.2060280740261078,0.328027606010437,-0.07853558659553528,0.24501046538352966,0.3443879187107086,-0.07730739563703537,0.27728429436683655,0.35852158069610596,-0.0722862184047699,d
0.15380996465682983,0.4868766665458679,2.672557286587107e-07,0.209237739443779,0.42965465784072876,-0.005314333364367485,0.24442870914936066,0.37857484817504883,-0.022238515317440033,0.28092992305755615,0.3551349341869354,-0.044472888112068176,0.31438148021698,0.3365616798400879,-0.06603652238845825,0.1749776005744934,0.2636951506137848,-0.018598444759845734,0.1825084090232849,0.18350839614868164,-0.03796149417757988,0.1786719560623169,0.12440638244152069,-0.0509374737739563,0.17586301267147064,0.07788406312465668,-0.06105095520615578,0.149034321308136,0.27081525325775146,-0.032409247010946274,0.22745174169540405,0.2692781686782837,-0.06452664732933044,0.27362826466560364,0.29815614223480225,-0.07670474797487259,0.3050520420074463,0.3231280744075775,-0.07970690727233887,0.13854007422924042,0.296451210975647,-0.04643496125936508,0.2223467230796814,0.3022206127643585,-0.07448947429656982,0.2716631293296814,0.32647931575775146,-0.0771331861615181,0.3078647255897522,0.3471345901489258,-0.07343504577875137,0.14041534066200256,0.32842719554901123,-0.06189493462443352,0.20698091387748718,0.3282102048397064,-0.07882285863161087,0.24602201581001282,0.34446901082992554,-0.0774342343211174,0.27812349796295166,0.35821959376335144,-0.0720294788479805,d
0.15254266560077667,0.4876900911331177,2.6536426389611734e-07,0.2085244506597519,0.431274950504303,-0.005814520642161369,0.24421066045761108,0.38060012459754944,-0.022890526801347733,0.281869500875473,0.35784512758255005,-0.04523317515850067,0.3160087466239929,0.33995985984802246,-0.06685622781515121,0.1744154393672943,0.2639918923377991,-0.018048597499728203,0.1823187619447708,0.18443751335144043,-0.0373251847922802,0.17849959433078766,0.12540654838085175,-0.050559524446725845,0.17585527896881104,0.07853087782859802,-0.06099946051836014,0.1485682725906372,0.2709967792034149,-0.0317414328455925,0.22755688428878784,0.2701481282711029,-0.06439374387264252,0.2738003432750702,0.3003217577934265,-0.077483631670475,0.3052767217159271,0.32647162675857544,-0.0809478908777237,0.13808079063892365,0.2966126501560211,-0.045676834881305695,0.22249075770378113,0.30290913581848145,-0.07378412038087845,0.2716061472892761,0.3279687166213989,-0.07689928263425827,0.3074556291103363,0.34919652342796326,-0.07343730330467224,0.13982507586479187,0.3287264406681061,-0.06114218011498451,0.20618681609630585,0.3284545838832855,-0.07819700241088867,0.24513526260852814,0.34434735774993896,-0.0772533044219017,0.27742892503738403,0.35776224732398987,-0.07212186604738235,d
0.15183573961257935,0.4878294765949249,2.730130574946088e-07,0.20794060826301575,0.4311745762825012,-0.0056664724834263325,0.24341140687465668,0.38117045164108276,-0.022894011810421944,0.2807273864746094,0.3585911989212036,-0.04530802369117737,0.3144223392009735,0.340566486120224,-0.06702282279729843,0.17349545657634735,0.2640974521636963,-0.019175106659531593,0.18223796784877777,0.184639111161232,-0.03860193490982056,0.17850123345851898,0.1258603036403656,-0.0519399493932724,0.175629124045372,0.07907013595104218,-0.06252839416265488,0.14764255285263062,0.27156689763069153,-0.032996680587530136,0.22734291851520538,0.27084028720855713,-0.06521258503198624,0.2738277316093445,0.30005916953086853,-0.07813193649053574,0.30548346042633057,0.32539236545562744,-0.08192995190620422,0.1373019516468048,0.2980194091796875,-0.04696843400597572,0.22178779542446136,0.30362096428871155,-0.07501519471406937,0.2709909975528717,0.3287551701068878,-0.07787135243415833,0.3067249059677124,0.35009539127349854,-0.07454457879066467,0.13911575078964233,0.331055223941803,-0.06241670250892639,0.20519793033599854,0.32999151945114136,-0.07962971180677414,0.24399474263191223,0.3457087576389313,-0.07849834859371185,0.27602681517601013,0.3590884506702423,-0.07340562343597412,d
0.15160833299160004,0.4897519052028656,2.652420505455666e-07,0.2078157365322113,0.4327774941921234,-0.005481626372784376,0.2440817803144455,0.38223832845687866,-0.022739283740520477,0.28126388788223267,0.35898205637931824,-0.04524120315909386,0.31528860330581665,0.3396386206150055,-0.06693734973669052,0.17369693517684937,0.2639283537864685,-0.018373381346464157,0.18198156356811523,0.1846671998500824,-0.037701088935136795,0.17781777679920197,0.12563802301883698,-0.05088886618614197,0.174622043967247,0.0788353681564331,-0.06124909967184067,0.14774096012115479,0.27125218510627747,-0.032184723764657974,0.22724463045597076,0.27113085985183716,-0.0642714723944664,0.2736837565898895,0.3008718490600586,-0.07694034278392792,0.30542558431625366,0.326424777507782,-0.08044186234474182,0.13728907704353333,0.29765141010284424,-0.04617954418063164,0.22116899490356445,0.3031631112098694,-0.07407542318105698,0.2704593241214752,0.3279522657394409,-0.0767260193824768,0.30649203062057495,0.34919682145118713,-0.07322383671998978,0.13896837830543518,0.33093956112861633,-0.061647940427064896,0.20478877425193787,0.3294747471809387,-0.07866780459880829,0.24405573308467865,0.34493404626846313,-0.07735452800989151,0.2764582335948944,0.35818320512771606,-0.07208890467882156,d
0.1510549932718277,0.48806655406951904,2.735961857069924e-07,0.2067728191614151,0.4305710196495056,-0.005317911505699158,0.2419460117816925,0.37920814752578735,-0.02183917537331581,0.2792891561985016,0.3564686179161072,-0.04344205558300018,0.3132825493812561,0.3391590714454651,-0.0644228383898735,0.1721469759941101,0.2640027105808258,-0.019844505935907364,0.18130089342594147,0.1839441955089569,-0.038899291306734085,0.17727546393871307,0.125843346118927,-0.051885031163692474,0.17393627762794495,0.07878297567367554,-0.06239331141114235,0.1463887244462967,0.27133747935295105,-0.03353963419795036,0.22610017657279968,0.27086949348449707,-0.06502454727888107,0.2737041413784027,0.299489289522171,-0.07762172818183899,0.3068958520889282,0.3240407407283783,-0.08171117305755615,0.13609720766544342,0.2979448437690735,-0.04726232960820198,0.22067350149154663,0.303455650806427,-0.07443755865097046,0.2704598307609558,0.3276689350605011,-0.07716530561447144,0.30713921785354614,0.3482401669025421,-0.07432295382022858,0.13775086402893066,0.3312433362007141,-0.06249518319964409,0.2036493420600891,0.32971125841140747,-0.0793895423412323,0.24312607944011688,0.3450224697589874,-0.0783657431602478,0.27614694833755493,0.35823172330856323,-0.07368448376655579,d
0.1532045602798462,0.4852001368999481,2.7129016189064714e-07,0.2085011899471283,0.4286138713359833,-0.005942125339061022,0.24329198896884918,0.37849077582359314,-0.022990448400378227,0.28060096502304077,0.35687679052352905,-0.04515870660543442,0.31484726071357727,0.33973366022109985,-0.0665903314948082,0.17340463399887085,0.262961745262146,-0.019216002896428108,0.1807440221309662,0.18402741849422455,-0.03870924934744835,0.17644475400447845,0.12562483549118042,-0.051971375942230225,0.17318464815616608,0.0789937973022461,-0.06251968443393707,0.14768150448799133,0.2700839340686798,-0.03270633518695831,0.22608716785907745,0.27098527550697327,-0.0650254413485527,0.27347421646118164,0.3001399636268616,-0.07771971076726913,0.30651137232780457,0.3250264525413513,-0.081474170088768,0.1371484100818634,0.295949250459671,-0.046437643468379974,0.2201126366853714,0.30285724997520447,-0.07467681169509888,0.2698855996131897,0.3274381160736084,-0.07749177515506744,0.3068680763244629,0.348349004983902,-0.07421217113733292,0.13855260610580444,0.32847559452056885,-0.061685312539339066,0.20429761707782745,0.32839035987854004,-0.07919811457395554,0.24317984282970428,0.34503173828125,-0.07817833125591278,0.2754959762096405,0.3588753044605255,-0.07321128249168396,d
0.15311697125434875,0.48465895652770996,2.7304514560455573e-07,0.20838549733161926,0.42830780148506165,-0.005807145498692989,0.243571937084198,0.3781140148639679,-0.022915661334991455,0.28072869777679443,0.35564762353897095,-0.04517681896686554,0.3145188093185425,0.3378978967666626,-0.06671609729528427,0.1722957193851471,0.26210319995880127,-0.018941868096590042,0.18053646385669708,0.18285176157951355,-0.03810093551874161,0.17662006616592407,0.12434250116348267,-0.051196251064538956,0.17372961342334747,0.07815657556056976,-0.06148770824074745,0.14654025435447693,0.26986581087112427,-0.032526422291994095,0.22594577074050903,0.26993533968925476,-0.06437220424413681,0.2725333273410797,0.29890263080596924,-0.07680507004261017,0.30410659313201904,0.32381197810173035,-0.08023542165756226,0.13651029765605927,0.2966465353965759,-0.04630858823657036,0.22017325460910797,0.30182236433029175,-0.07410457730293274,0.26958709955215454,0.3257209360599518,-0.07681852579116821,0.3055313229560852,0.34634119272232056,-0.07336647808551788,0.13867640495300293,0.3296828866004944,-0.061557210981845856,0.20488561689853668,0.3278908133506775,-0.07844458520412445,0.2438623607158661,0.3432616889476776,-0.07704175263643265,0.27574026584625244,0.35654085874557495,-0.07174383848905563,d
0.15244778990745544,0.48592817783355713,2.7750209596888453e-07,0.20760387182235718,0.4286784529685974,-0.005587173160165548,0.2427000105381012,0.3775649964809418,-0.02267399989068508,0.28000402450561523,0.354958176612854,-0.045015331357717514,0.3142288327217102,0.3371187448501587,-0.06671114265918732,0.1733504980802536,0.2626994550228119,-0.018957821652293205,0.1805822253227234,0.18287843465805054,-0.0382869653403759,0.17641516029834747,0.12404640018939972,-0.05139419436454773,0.17320756614208221,0.07785263657569885,-0.06172158569097519,0.1471608281135559,0.2703779935836792,-0.03266770765185356,0.2264786958694458,0.2698798179626465,-0.06483042985200882,0.2733991742134094,0.29789525270462036,-0.07727141678333282,0.30539944767951965,0.3222324252128601,-0.08067547529935837,0.13653023540973663,0.29666396975517273,-0.04659515619277954,0.2204304337501526,0.3021446466445923,-0.07472867518663406,0.26984065771102905,0.3258885145187378,-0.07757885009050369,0.30599457025527954,0.3463762402534485,-0.07417844980955124,0.13796335458755493,0.3290953040122986,-0.06196944788098335,0.20456400513648987,0.3284330666065216,-0.07935837656259537,0.24332235753536224,0.3449639081954956,-0.07823635637760162,0.2749934494495392,0.3587498366832733,-0.07302052527666092,d
0.15427154302597046,0.48601555824279785,2.7705846150638536e-07,0.20855209231376648,0.4289590120315552,-0.00570311164483428,0.24267850816249847,0.37736690044403076,-0.022295642644166946,0.2798682749271393,0.35489654541015625,-0.043980248272418976,0.31398239731788635,0.33841177821159363,-0.06497156620025635,0.17364448308944702,0.26300284266471863,-0.019408615306019783,0.1803601086139679,0.1831197738647461,-0.03851881995797157,0.17614451050758362,0.1242591142654419,-0.05154411494731903,0.17295321822166443,0.07749228179454803,-0.0619487427175045,0.1476018726825714,0.2703555226325989,-0.03282943740487099,0.22553284466266632,0.27143430709838867,-0.06447013467550278,0.2725135385990143,0.29883137345314026,-0.0768345296382904,0.3051638901233673,0.3220766484737396,-0.08049431443214417,0.13675819337368011,0.29646360874176025,-0.046438127756118774,0.220075786113739,0.30391228199005127,-0.07416845858097076,0.2694777846336365,0.3269120156764984,-0.07723405957221985,0.3062038719654083,0.34633868932724,-0.07422494143247604,0.1379014253616333,0.3286070227622986,-0.06154201179742813,0.2044636309146881,0.32913023233413696,-0.07876115292310715,0.24316683411598206,0.34583860635757446,-0.07780018448829651,0.27510929107666016,0.3596920967102051,-0.07285251468420029,d
0.15287095308303833,0.48725008964538574,2.7294262849864026e-07,0.20755986869335175,0.43053385615348816,-0.006296216510236263,0.24293991923332214,0.37966951727867126,-0.02366008423268795,0.2798175811767578,0.3565530478954315,-0.046078965067863464,0.3143543601036072,0.33840206265449524,-0.06771132349967957,0.1736365705728531,0.26473939418792725,-0.019451668485999107,0.1798248589038849,0.18459594249725342,-0.039048902690410614,0.17553062736988068,0.12540017068386078,-0.05243976414203644,0.17243105173110962,0.07893237471580505,-0.06295915693044662,0.14771868288516998,0.2721005976200104,-0.03287580609321594,0.2251696139574051,0.2719939351081848,-0.06497352570295334,0.27192336320877075,0.29874271154403687,-0.0774775817990303,0.30406975746154785,0.3219994604587555,-0.08108120411634445,0.13693436980247498,0.2978740334510803,-0.046594247221946716,0.2187884896993637,0.30371370911598206,-0.0744844451546669,0.267688512802124,0.3261294364929199,-0.07722592353820801,0.30411750078201294,0.34561946988105774,-0.07395349442958832,0.13809192180633545,0.32975685596466064,-0.061888664960861206,0.20364420115947723,0.32997941970825195,-0.0790087878704071,0.24174639582633972,0.3467162847518921,-0.07774993032217026,0.27301886677742004,0.36062702536582947,-0.07254523783922195,d
0.1535102277994156,0.48684805631637573,2.725989247664984e-07,0.20828716456890106,0.42940962314605713,-0.005340149160474539,0.24315208196640015,0.3795234262943268,-0.02228640206158161,0.2802817225456238,0.35741791129112244,-0.04449121654033661,0.3144457936286926,0.34008440375328064,-0.06592099368572235,0.17254379391670227,0.26514604687690735,-0.01864880882203579,0.17953939735889435,0.18488696217536926,-0.03797236829996109,0.17503958940505981,0.126353919506073,-0.05123376473784447,0.17162027955055237,0.07984766364097595,-0.06171911954879761,0.1469523310661316,0.2726382911205292,-0.032489363104104996,0.22522984445095062,0.27214378118515015,-0.06447717547416687,0.2716555595397949,0.30001673102378845,-0.07700215280056,0.3035569489002228,0.32371988892555237,-0.08060399442911148,0.13679629564285278,0.29851338267326355,-0.04653708264231682,0.22013360261917114,0.30405738949775696,-0.07417578995227814,0.26915401220321655,0.3272721767425537,-0.07678873091936111,0.3052515685558319,0.34716302156448364,-0.07344510406255722,0.13870812952518463,0.33039551973342896,-0.06209295243024826,0.20487463474273682,0.32949596643447876,-0.07888513803482056,0.24313172698020935,0.34542155265808105,-0.07741822302341461,0.2744919955730438,0.3587232232093811,-0.07216640561819077,d
0.15338735282421112,0.4871629774570465,2.708793829242495e-07,0.2081182897090912,0.43047237396240234,-0.006483577191829681,0.24370205402374268,0.3796427249908447,-0.02386058121919632,0.28040242195129395,0.35562723875045776,-0.0462239533662796,0.31425416469573975,0.3368483781814575,-0.06778953224420547,0.17360693216323853,0.26515132188796997,-0.01998991146683693,0.1798393875360489,0.18475744128227234,-0.039645932614803314,0.17513206601142883,0.12604659795761108,-0.052921418100595474,0.17163696885108948,0.079535111784935,-0.06327123939990997,0.1474992334842682,0.2727110981941223,-0.03326408565044403,0.22589847445487976,0.27213990688323975,-0.06567016988992691,0.27227118611335754,0.30060866475105286,-0.07807844877243042,0.3038748502731323,0.32541900873184204,-0.08135776221752167,0.1367405503988266,0.29878348112106323,-0.046799611300230026,0.21999262273311615,0.30457961559295654,-0.07491688430309296,0.26903125643730164,0.32818543910980225,-0.07742597162723541,0.30506157875061035,0.34848013520240784,-0.07376876473426819,0.1381346881389618,0.330873966217041,-0.06189044192433357,0.20422755181789398,0.3305143415927887,-0.07896648347377777,0.24249398708343506,0.34678277373313904,-0.07749945670366287,0.2738160192966461,0.36036163568496704,-0.07206256687641144,d
0.15232987701892853,0.48784661293029785,2.6711691702985263e-07,0.20773641765117645,0.43113112449645996,-0.006341166794300079,0.2429831176996231,0.3807659149169922,-0.023837370797991753,0.27931585907936096,0.356812059879303,-0.04632142558693886,0.3134278655052185,0.33803918957710266,-0.06810612231492996,0.17357519268989563,0.26574602723121643,-0.020206505432724953,0.17971906065940857,0.18583975732326508,-0.04003638029098511,0.1747407764196396,0.12710995972156525,-0.05361676216125488,0.17059361934661865,0.08059599995613098,-0.06418406963348389,0.14755500853061676,0.272865891456604,-0.033453453332185745,0.22631651163101196,0.2725551128387451,-0.06588669866323471,0.2726239562034607,0.300883412361145,-0.07852043211460114,0.3039497137069702,0.3257746398448944,-0.08193225413560867,0.13675223290920258,0.2988230884075165,-0.04689184948801994,0.22010134160518646,0.3050798773765564,-0.07486539334058762,0.26870328187942505,0.3284629285335541,-0.07754454761743546,0.30430740118026733,0.3485777676105499,-0.07400954514741898,0.13804340362548828,0.3309076726436615,-0.06186767295002937,0.20370781421661377,0.33135026693344116,-0.07877817004919052,0.2419469654560089,0.3473209738731384,-0.07733835279941559,0.27329742908477783,0.3607702851295471,-0.07192681729793549,d
0.15303900837898254,0.48932603001594543,2.73602893230418e-07,0.20723176002502441,0.4311094880104065,-0.005345519632101059,0.24206817150115967,0.3804667890071869,-0.02212556079030037,0.27969589829444885,0.35870561003685,-0.04420967400074005,0.3137717545032501,0.34185460209846497,-0.06568620353937149,0.17316199839115143,0.2662582993507385,-0.018426867201924324,0.17921733856201172,0.18706685304641724,-0.03782719001173973,0.1736537367105484,0.12924057245254517,-0.0512784868478775,0.16915592551231384,0.08291099965572357,-0.061884790658950806,0.14734074473381042,0.2734977602958679,-0.03221895173192024,0.22610826790332794,0.27275577187538147,-0.06440825015306473,0.27305328845977783,0.3014337718486786,-0.07751120626926422,0.30558469891548157,0.3269881010055542,-0.08132828027009964,0.1366775780916214,0.2993333637714386,-0.046189915388822556,0.22027496993541718,0.30517295002937317,-0.0740140751004219,0.26904353499412537,0.3292474150657654,-0.07716692984104156,0.30523133277893066,0.3500800132751465,-0.07396351546049118,0.1380719542503357,0.33132216334342957,-0.061642177402973175,0.20382162928581238,0.3303222060203552,-0.07847709208726883,0.2422543168067932,0.3460538387298584,-0.07723003625869751,0.274208128452301,0.3595060706138611,-0.07204288244247437,d
0.15134984254837036,0.4904431998729706,2.5479502596681414e-07,0.2065393328666687,0.43227478861808777,-0.00460631912574172,0.2417864203453064,0.38097435235977173,-0.020924801006913185,0.2794893980026245,0.35814619064331055,-0.042657773941755295,0.31338852643966675,0.34069663286209106,-0.06378202885389328,0.17210125923156738,0.26725995540618896,-0.017697220668196678,0.17847156524658203,0.18892094492912292,-0.03693567216396332,0.17261162400245667,0.1318124681711197,-0.05034758523106575,0.16716739535331726,0.08598825335502625,-0.06091858074069023,0.14678700268268585,0.2748468220233917,-0.031748056411743164,0.22574546933174133,0.27400925755500793,-0.06362064927816391,0.27274125814437866,0.3026873767375946,-0.0765419602394104,0.3048853278160095,0.32789871096611023,-0.08034372329711914,0.13663391768932343,0.30073434114456177,-0.04593983292579651,0.21986013650894165,0.3061102032661438,-0.0734521821141243,0.2687976658344269,0.329443097114563,-0.07648414373397827,0.3049040734767914,0.3497946560382843,-0.07336243987083435,0.13827663660049438,0.3326803743839264,-0.06158273667097092,0.20400092005729675,0.33144599199295044,-0.07839257270097733,0.2427697330713272,0.3470304012298584,-0.07718491554260254,0.27491331100463867,0.36052271723747253,-0.07209084928035736,d
0.15419963002204895,0.4914766550064087,2.508699310510565e-07,0.20721553266048431,0.4364747703075409,-0.004965722095221281,0.2418617308139801,0.3843744695186615,-0.020607182756066322,0.27767452597618103,0.3596178889274597,-0.041349027305841446,0.31082504987716675,0.34200319647789,-0.061467356979846954,0.17460262775421143,0.26929840445518494,-0.01848822645843029,0.17870718240737915,0.19140182435512543,-0.03714456036686897,0.17190289497375488,0.1347542107105255,-0.05006381869316101,0.16547726094722748,0.08906164765357971,-0.06049312651157379,0.14938153326511383,0.2764418125152588,-0.03181126341223717,0.22523438930511475,0.2778249979019165,-0.06238089129328728,0.272388756275177,0.304652601480484,-0.07463213056325912,0.3053366541862488,0.3281170427799225,-0.07868753373622894,0.1382051706314087,0.30180737376213074,-0.04526383429765701,0.21825075149536133,0.30998945236206055,-0.07245919853448868,0.2669217884540558,0.3321691155433655,-0.0755729228258133,0.30366039276123047,0.3511626720428467,-0.07298219949007034,0.13809826970100403,0.33329087495803833,-0.060112085193395615,0.20311257243156433,0.334468275308609,-0.07752404361963272,0.24177229404449463,0.3514299988746643,-0.0767250806093216,0.273708701133728,0.3658082187175751,-0.07204153388738632,d
0.1536291241645813,0.4934917092323303,2.604860753763205e-07,0.2073865830898285,0.4378693103790283,-0.005460693035274744,0.24323296546936035,0.3875792324542999,-0.021980442106723785,0.28063297271728516,0.3648283779621124,-0.043659936636686325,0.3141549825668335,0.3471693992614746,-0.06478427350521088,0.17399674654006958,0.27265244722366333,-0.019164998084306717,0.17814399302005768,0.19479802250862122,-0.03785672411322594,0.17117801308631897,0.13830097019672394,-0.050742361694574356,0.16513177752494812,0.09256942570209503,-0.0612407810986042,0.14838293194770813,0.27997228503227234,-0.032637521624565125,0.2246803194284439,0.28277578949928284,-0.06308802217245102,0.2720324397087097,0.3099501430988312,-0.07551321387290955,0.30558788776397705,0.33292803168296814,-0.07992558181285858,0.13694214820861816,0.30586281418800354,-0.04626846686005592,0.2181525081396103,0.3144337832927704,-0.0730917751789093,0.2666800320148468,0.3360233008861542,-0.07642750442028046,0.3038872182369232,0.3539566695690155,-0.07436031848192215,0.1365993618965149,0.33778679370880127,-0.06139625608921051,0.20155498385429382,0.33866629004478455,-0.07861334085464478,0.24001826345920563,0.3556288480758667,-0.07798286527395248,0.2726147472858429,0.36998075246810913,-0.07361582666635513,d
0.15283772349357605,0.4957091510295868,2.7413301495471387e-07,0.20627103745937347,0.4397144317626953,-0.0064982082694768906,0.241494819521904,0.3883287012577057,-0.023139355704188347,0.27924346923828125,0.36617690324783325,-0.04464198276400566,0.31275904178619385,0.3504984378814697,-0.06561478227376938,0.17318101227283478,0.27616167068481445,-0.02092553675174713,0.17664316296577454,0.1977541297674179,-0.03979801386594772,0.16943489015102386,0.14108218252658844,-0.05288040637969971,0.1632620096206665,0.09507128596305847,-0.06367260962724686,0.1474347561597824,0.28358232975006104,-0.0338328592479229,0.22313982248306274,0.2868620455265045,-0.06483984738588333,0.2714846134185791,0.3132249116897583,-0.07763110101222992,0.3061014711856842,0.3359931707382202,-0.0823604017496109,0.13603390753269196,0.3091915547847748,-0.04689216986298561,0.21681074798107147,0.31900373101234436,-0.07400811463594437,0.2655685245990753,0.3413960337638855,-0.07761886715888977,0.3030202388763428,0.3597275912761688,-0.07573699206113815,0.13593453168869019,0.3405088186264038,-0.06157226860523224,0.200409397482872,0.3425280749797821,-0.07932804524898529,0.23820850253105164,0.36107751727104187,-0.07914546877145767,0.27018308639526367,0.3761080801486969,-0.0750240832567215,d
0.1519148051738739,0.4987408518791199,2.8606629598471045e-07,0.20537525415420532,0.4401583671569824,-0.005821972619742155,0.2398025393486023,0.38957247138023376,-0.022722559049725533,0.277131587266922,0.36789172887802124,-0.04464943706989288,0.3108822703361511,0.3520530164241791,-0.06599857658147812,0.1694067418575287,0.2796868085861206,-0.021304132416844368,0.17369553446769714,0.2006455361843109,-0.04064285010099411,0.1667088270187378,0.1434299647808075,-0.0540175586938858,0.16108295321464539,0.09709508717060089,-0.06493362039327621,0.14391231536865234,0.28763332962989807,-0.03465840592980385,0.2220076024532318,0.28849703073501587,-0.06599743664264679,0.27077895402908325,0.31437981128692627,-0.07872667908668518,0.3056604564189911,0.3368697464466095,-0.08335871994495392,0.133683979511261,0.31364768743515015,-0.048086825758218765,0.2163592129945755,0.32013148069381714,-0.07525666058063507,0.2658812999725342,0.3423498868942261,-0.0784822627902031,0.30340775847435,0.3610434830188751,-0.07636021822690964,0.13496065139770508,0.3453129529953003,-0.06309103220701218,0.20062540471553802,0.34556064009666443,-0.08058140426874161,0.23899035155773163,0.3631269633769989,-0.08005127310752869,0.27095237374305725,0.37758082151412964,-0.07579737901687622,d
0.15243633091449738,0.5006011724472046,2.822488909259846e-07,0.20449724793434143,0.441241592168808,-0.005552608519792557,0.23800918459892273,0.38985949754714966,-0.021943215280771255,0.2748059034347534,0.36699095368385315,-0.0434640534222126,0.3083614408969879,0.3501026928424835,-0.06447108089923859,0.16882571578025818,0.2800101041793823,-0.019632715731859207,0.17280803620815277,0.20150935649871826,-0.03881451115012169,0.16547127068042755,0.14448115229606628,-0.05206535384058952,0.1599670797586441,0.09807558357715607,-0.06279848515987396,0.14343897998332977,0.28795379400253296,-0.03309377655386925,0.22108861804008484,0.28852635622024536,-0.0650346651673317,0.2699444890022278,0.31472235918045044,-0.07816165685653687,0.30537429451942444,0.33796438574790955,-0.08256007730960846,0.13305756449699402,0.31414443254470825,-0.04669037088751793,0.21645842492580414,0.32155781984329224,-0.07474463433027267,0.26643460988998413,0.34421345591545105,-0.07844594120979309,0.3048241436481476,0.36321377754211426,-0.07606332004070282,0.13391277194023132,0.3463285267353058,-0.0617782399058342,0.20017904043197632,0.34710657596588135,-0.07958661019802094,0.23815524578094482,0.3650856614112854,-0.07915102690458298,0.2700102925300598,0.37919628620147705,-0.07467634230852127,d
0.15138955414295197,0.5006291270256042,2.8174309818496113e-07,0.20375385880470276,0.44107890129089355,-0.005188620183616877,0.236605703830719,0.390695720911026,-0.022111287340521812,0.27371346950531006,0.3691791296005249,-0.04437851905822754,0.3089069426059723,0.353402316570282,-0.06618059426546097,0.16723813116550446,0.2806432545185089,-0.019677715376019478,0.17139695584774017,0.20243284106254578,-0.039341073483228683,0.163576140999794,0.14545506238937378,-0.05292735993862152,0.15776199102401733,0.09891794621944427,-0.06389006227254868,0.14210718870162964,0.2886061668395996,-0.033557966351509094,0.22133266925811768,0.288227379322052,-0.06622174382209778,0.2703593075275421,0.31505072116851807,-0.0796729251742363,0.30560755729675293,0.3391531705856323,-0.08408970385789871,0.13204801082611084,0.31466373801231384,-0.04754163324832916,0.21675780415534973,0.3210623264312744,-0.0758274644613266,0.26692262291908264,0.3444012999534607,-0.07932180911302567,0.30485907196998596,0.3642437160015106,-0.07666795700788498,0.13316187262535095,0.3466089963912964,-0.06302386522293091,0.19990935921669006,0.3465736508369446,-0.08070129156112671,0.23805584013462067,0.3643321692943573,-0.08006913959980011,0.26972344517707825,0.37835031747817993,-0.07545986026525497,d
0.1503085494041443,0.501119077205658,2.855472587270924e-07,0.20256799459457397,0.4419715404510498,-0.005787068512290716,0.23632657527923584,0.39225542545318604,-0.023166799917817116,0.2739493250846863,0.3707553446292877,-0.04572397470474243,0.30901920795440674,0.3545008897781372,-0.06767862290143967,0.16573306918144226,0.28088992834091187,-0.01974528841674328,0.16983479261398315,0.20239368081092834,-0.03915311023592949,0.16221046447753906,0.1454901546239853,-0.05252650007605553,0.1564711481332779,0.09928357601165771,-0.06325837969779968,0.1403898298740387,0.2887309491634369,-0.033224642276763916,0.2188485562801361,0.2884628176689148,-0.06504343450069427,0.26727378368377686,0.31494376063346863,-0.07784419506788254,0.3021625876426697,0.33792924880981445,-0.08189885318279266,0.13072896003723145,0.3148060739040375,-0.04688897356390953,0.2147209793329239,0.32096293568611145,-0.07442998886108398,0.2646445035934448,0.3428868353366852,-0.07767872512340546,0.30260032415390015,0.36156708002090454,-0.0750325471162796,0.13274213671684265,0.34653571248054504,-0.062125660479068756,0.1992281675338745,0.34679874777793884,-0.0792754516005516,0.23765303194522858,0.36378979682922363,-0.0784781351685524,0.2698236405849457,0.37732163071632385,-0.07381118834018707,d
0.14928673207759857,0.4993867576122284,2.791099973364908e-07,0.2019553929567337,0.4398843050003052,-0.0056501515209674835,0.2346768081188202,0.3903861343860626,-0.022619716823101044,0.2710196077823639,0.3685130178928375,-0.044749774038791656,0.30543339252471924,0.35202306509017944,-0.0662599578499794,0.16529537737369537,0.28058478236198425,-0.019548997282981873,0.1685391515493393,0.2014002948999405,-0.038839127868413925,0.16080470383167267,0.14441673457622528,-0.052162978798151016,0.15505589544773102,0.09802980720996857,-0.06288418173789978,0.14009229838848114,0.2885059416294098,-0.032998401671648026,0.21830177307128906,0.28777867555618286,-0.06497609615325928,0.26616883277893066,0.314297616481781,-0.07780813425779343,0.3003895878791809,0.33751147985458374,-0.08183133602142334,0.13044801354408264,0.31455302238464355,-0.04661471024155617,0.21448276937007904,0.32086431980133057,-0.07409291714429855,0.2635861933231354,0.3432140052318573,-0.07704563438892365,0.3007028102874756,0.3622455894947052,-0.07414042949676514,0.13252133131027222,0.3460429608821869,-0.06182952597737312,0.19909971952438354,0.34647658467292786,-0.07888655364513397,0.23713377118110657,0.36291593313217163,-0.0779506042599678,0.26887422800064087,0.37584710121154785,-0.0731639638543129,d
0.14916156232357025,0.4973428547382355,2.9598760420412873e-07,0.20030604302883148,0.4393536150455475,-0.0059739951975643635,0.2332582026720047,0.3907713294029236,-0.0236351415514946,0.27056220173835754,0.3699359893798828,-0.046472493559122086,0.30606895685195923,0.35485994815826416,-0.06879840046167374,0.1643182337284088,0.2796473503112793,-0.020354077219963074,0.16743072867393494,0.20064124464988708,-0.039822205901145935,0.1596977710723877,0.143723264336586,-0.053265172988176346,0.15377402305603027,0.09759652614593506,-0.06408577412366867,0.13918399810791016,0.28745037317276,-0.03370218724012375,0.21617808938026428,0.2869393527507782,-0.06510954350233078,0.2648482620716095,0.312053918838501,-0.07768595963716507,0.29990583658218384,0.3340366780757904,-0.08185847848653793,0.12926647067070007,0.31300508975982666,-0.047242604196071625,0.21211504936218262,0.31999868154525757,-0.07432959973812103,0.2616344690322876,0.3420339822769165,-0.0772780328989029,0.29905131459236145,0.3607290983200073,-0.07466108351945877,0.13100652396678925,0.3440578579902649,-0.062407586723566055,0.19745030999183655,0.34569111466407776,-0.07936972379684448,0.23568788170814514,0.36285093426704407,-0.07843427360057831,0.26736655831336975,0.3765912652015686,-0.07375522702932358,d
0.14750833809375763,0.4978429675102234,2.7733318574973964e-07,0.1999463438987732,0.43906939029693604,-0.005528493784368038,0.23310266435146332,0.3895720839500427,-0.022737577557563782,0.2699240446090698,0.3678660988807678,-0.045125771313905716,0.3036502003669739,0.35104140639305115,-0.06698386371135712,0.1628810465335846,0.279496431350708,-0.020255152136087418,0.16645213961601257,0.20036566257476807,-0.03974493592977524,0.15867376327514648,0.14343422651290894,-0.053335461765527725,0.1528545767068863,0.09780310094356537,-0.06420246511697769,0.1374819576740265,0.28722503781318665,-0.03389855846762657,0.21692965924739838,0.28705593943595886,-0.06531088799238205,0.2653597593307495,0.31365966796875,-0.07791472971439362,0.2998664975166321,0.33725041151046753,-0.08208299428224564,0.12762080132961273,0.3131048381328583,-0.04767684265971184,0.21212047338485718,0.3186679184436798,-0.07448951154947281,0.26117515563964844,0.34021294116973877,-0.07722006738185883,0.2980059087276459,0.3589916229248047,-0.07457584142684937,0.1294505000114441,0.34479764103889465,-0.06306139379739761,0.19602243602275848,0.3449712097644806,-0.07985680550336838,0.23415346443653107,0.3609941303730011,-0.07865732908248901,0.2659634053707123,0.3743974566459656,-0.07381675392389297,d
0.14514683187007904,0.49699732661247253,2.867887758384313e-07,0.19796396791934967,0.43759670853614807,-0.005411074496805668,0.23115737736225128,0.3890237808227539,-0.022529521957039833,0.2667204439640045,0.36629119515419006,-0.044837333261966705,0.2992427945137024,0.34823769330978394,-0.06660021841526031,0.161257803440094,0.27872422337532043,-0.01968679018318653,0.1645105630159378,0.19971510767936707,-0.03907246142625809,0.1567506492137909,0.14337758719921112,-0.05275003984570503,0.15042848885059357,0.09796634316444397,-0.0636390894651413,0.1360655277967453,0.2873774468898773,-0.03319551795721054,0.21416029334068298,0.2854822874069214,-0.06422607600688934,0.26265543699264526,0.3104943037033081,-0.07692018151283264,0.2970961630344391,0.33312660455703735,-0.0813366174697876,0.12639179825782776,0.31357091665267944,-0.04684019833803177,0.20946498215198517,0.3178904950618744,-0.07311178743839264,0.2580402195453644,0.33863887190818787,-0.07564482092857361,0.29448628425598145,0.3575894832611084,-0.07302059978246689,0.12810346484184265,0.3453519344329834,-0.06211414188146591,0.19449076056480408,0.34501129388809204,-0.07840827852487564,0.23247352242469788,0.3602065443992615,-0.07710113376379013,0.26384177803993225,0.37304311990737915,-0.07228870689868927,d
0.1445799022912979,0.49790599942207336,2.57298466976863e-07,0.19708161056041718,0.43793538212776184,-0.004404794424772263,0.22960332036018372,0.3846949338912964,-0.01988670974969864,0.26354631781578064,0.3578866720199585,-0.04050556942820549,0.2938629388809204,0.33663633465766907,-0.060594797134399414,0.16060671210289001,0.27749431133270264,-0.01909617893397808,0.1631232351064682,0.19929754734039307,-0.037887223064899445,0.15464524924755096,0.14364223182201385,-0.051118187606334686,0.14756229519844055,0.0983443558216095,-0.061813440173864365,0.13500367105007172,0.286041259765625,-0.032826051115989685,0.21432749927043915,0.28393059968948364,-0.06421120464801788,0.26350364089012146,0.3109760880470276,-0.07746622711420059,0.29803040623664856,0.3367219865322113,-0.08201522380113602,0.12470246106386185,0.31266462802886963,-0.046442680060863495,0.2091592401266098,0.317130446434021,-0.07334630936384201,0.2582753598690033,0.34110674262046814,-0.07596049457788467,0.294587641954422,0.3625948429107666,-0.07308591902256012,0.125828355550766,0.3450703024864197,-0.06150302290916443,0.1914159208536148,0.3436850309371948,-0.07852853089570999,0.2289198338985443,0.3595975637435913,-0.07734578847885132,0.2602367401123047,0.3729698061943054,-0.07243631780147552,d
0.1418636292219162,0.49906477332115173,2.758976620498288e-07,0.19515687227249146,0.43767184019088745,-0.004032038152217865,0.2276616096496582,0.3854650855064392,-0.019853267818689346,0.26246610283851624,0.3602912425994873,-0.04094790667295456,0.2941558063030243,0.3406514525413513,-0.06150627136230469,0.1570437252521515,0.27774590253829956,-0.018321996554732323,0.16050183773040771,0.19892141222953796,-0.03710624575614929,0.1527973860502243,0.14255797863006592,-0.0504862517118454,0.14643707871437073,0.09726126492023468,-0.06131533905863762,0.13200592994689941,0.2869051694869995,-0.03232841566205025,0.21049673855304718,0.2822219431400299,-0.06315340846776962,0.2596536874771118,0.3073689639568329,-0.07609094679355621,0.29426535964012146,0.33137887716293335,-0.08064349740743637,0.12262052297592163,0.31367579102516174,-0.04628625139594078,0.2061777263879776,0.31523755192756653,-0.07286928594112396,0.25558435916900635,0.33780577778816223,-0.07544837892055511,0.2919822037220001,0.35851263999938965,-0.07272157818078995,0.1250782608985901,0.3460879325866699,-0.06164812296628952,0.1909034103155136,0.34345507621765137,-0.0783906877040863,0.2286134660243988,0.3590033948421478,-0.07706962525844574,0.2595806121826172,0.3721940219402313,-0.0721861943602562,d
0.14430905878543854,0.4988037943840027,2.7236976052336104e-07,0.19471102952957153,0.4388337731361389,-0.004384011495858431,0.22646604478359222,0.38646674156188965,-0.020283477380871773,0.26141858100891113,0.36161357164382935,-0.04133159667253494,0.2935826778411865,0.34276413917541504,-0.0619061253964901,0.15796999633312225,0.27692171931266785,-0.018857749179005623,0.16029925644397736,0.19922411441802979,-0.03785790503025055,0.15200470387935638,0.14294905960559845,-0.05138213559985161,0.1449655145406723,0.09772025048732758,-0.06230040267109871,0.1327185332775116,0.28541964292526245,-0.03245643526315689,0.20949169993400574,0.28183820843696594,-0.0635986253619194,0.25817781686782837,0.3065546154975891,-0.07677527517080307,0.29263174533843994,0.33058956265449524,-0.08138735592365265,0.12225990742444992,0.3115921914577484,-0.046003393828868866,0.20377884805202484,0.31461605429649353,-0.07319430261850357,0.2526364028453827,0.3371215760707855,-0.07624782621860504,0.2890646159648895,0.3579443693161011,-0.07357705384492874,0.12317566573619843,0.3439110815525055,-0.060901444405317307,0.18825329840183258,0.34235432744026184,-0.07837847620248795,0.22610017657279968,0.35762739181518555,-0.07766120880842209,0.2572951912879944,0.37056806683540344,-0.07299130409955978,d
0.1420864462852478,0.498952180147171,2.6821652454600553e-07,0.19277699291706085,0.43916189670562744,-0.0052935113199055195,0.22450166940689087,0.3859625458717346,-0.02155912108719349,0.25870317220687866,0.3590853810310364,-0.042568691074848175,0.2903307378292084,0.3385351896286011,-0.06311532109975815,0.15582220256328583,0.27750685811042786,-0.021338840946555138,0.15905484557151794,0.19900158047676086,-0.04075993224978447,0.1510334461927414,0.14235150814056396,-0.05442707985639572,0.1443767249584198,0.09653940796852112,-0.06537528336048126,0.1305166780948639,0.28614646196365356,-0.034508511424064636,0.20982316136360168,0.28093522787094116,-0.06618446111679077,0.2587989270687103,0.3061569929122925,-0.07926508784294128,0.29299959540367126,0.330849826335907,-0.08364925533533096,0.12070794403553009,0.3130423128604889,-0.04750113561749458,0.204132080078125,0.31442388892173767,-0.07498186081647873,0.2537093460559845,0.336290180683136,-0.07783900201320648,0.29039549827575684,0.3565206527709961,-0.07496687769889832,0.1222960352897644,0.3457978367805481,-0.061823341995477676,0.18766117095947266,0.34300747513771057,-0.079076386988163,0.22531576454639435,0.3578925132751465,-0.07788316160440445,0.2562764883041382,0.3703611195087433,-0.07294188439846039,d
0.14313319325447083,0.49656417965888977,2.754725016984594e-07,0.19364823400974274,0.4362959861755371,-0.005554887931793928,0.22438037395477295,0.38427868485450745,-0.02193356119096279,0.25807568430900574,0.35851070284843445,-0.04314357414841652,0.2898697555065155,0.33922693133354187,-0.06388252973556519,0.1562609076499939,0.2763805687427521,-0.02162998355925083,0.1581818163394928,0.19785386323928833,-0.041445694863796234,0.14994235336780548,0.1414986550807953,-0.05541471391916275,0.143246129155159,0.09551933407783508,-0.06667451560497284,0.1309269815683365,0.28544825315475464,-0.03497111797332764,0.2085781991481781,0.28088802099227905,-0.06698276847600937,0.2576819658279419,0.30536845326423645,-0.0801815614104271,0.292284220457077,0.3289078176021576,-0.08487892895936966,0.12074591219425201,0.31266582012176514,-0.04825089871883392,0.2029373198747635,0.3145613968372345,-0.0760309100151062,0.2519097924232483,0.33615922927856445,-0.07886119186878204,0.2882400155067444,0.355942964553833,-0.07609406858682632,0.12183007597923279,0.34556111693382263,-0.06296161562204361,0.18671785295009613,0.34212273359298706,-0.08071660250425339,0.22444340586662292,0.35623103380203247,-0.0797266736626625,0.2554919421672821,0.36825233697891235,-0.07496520131826401,d
0.14265665411949158,0.4950639009475708,2.8340753033262445e-07,0.1933755725622177,0.43661394715309143,-0.0064209881238639355,0.2252555638551712,0.38656312227249146,-0.024219859391450882,0.26101207733154297,0.3635368049144745,-0.0469759963452816,0.2953644096851349,0.3464130759239197,-0.06920956075191498,0.1569606512784958,0.27667203545570374,-0.021997351199388504,0.15859705209732056,0.1983715295791626,-0.04233046621084213,0.1504071056842804,0.1410854011774063,-0.056388009339571,0.14423228800296783,0.09494747221469879,-0.06764333695173264,0.13142216205596924,0.2851828336715698,-0.035398419946432114,0.20906557142734528,0.28196313977241516,-0.06839585304260254,0.2576234042644501,0.3070792257785797,-0.08155445009469986,0.2918602228164673,0.3303672969341278,-0.0858551636338234,0.12087030708789825,0.3113078474998474,-0.04892028495669365,0.2027287483215332,0.3146144151687622,-0.07766241580247879,0.25198984146118164,0.33658909797668457,-0.08057798445224762,0.28881338238716125,0.35618770122528076,-0.07751033455133438,0.12164583057165146,0.3432369530200958,-0.06395810842514038,0.18721772730350494,0.3416151702404022,-0.08222942054271698,0.22526951134204865,0.3570289611816406,-0.0814027339220047,0.25661346316337585,0.36943358182907104,-0.07655932009220123,d
0.1453779637813568,0.4944705367088318,2.891217434353166e-07,0.19441525638103485,0.4366118311882019,-0.0063701653853058815,0.22551947832107544,0.38633468747138977,-0.023624328896403313,0.2605157792568207,0.36309048533439636,-0.04566064849495888,0.2937876582145691,0.34554803371429443,-0.06720604747533798,0.1576307713985443,0.27722248435020447,-0.022044546902179718,0.1594681590795517,0.19953247904777527,-0.041663359850645065,0.15125130116939545,0.14268822968006134,-0.055242229253053665,0.14494411647319794,0.09684991836547852,-0.06614594906568527,0.1319049894809723,0.28555530309677124,-0.03490707278251648,0.2082650512456894,0.28253623843193054,-0.06648719310760498,0.256903737783432,0.30627018213272095,-0.07928945869207382,0.29176071286201477,0.3288227915763855,-0.08367111533880234,0.12120217084884644,0.31136468052864075,-0.047788117080926895,0.20224864780902863,0.31481248140335083,-0.07532576471567154,0.2511703372001648,0.33599400520324707,-0.07836000621318817,0.288176566362381,0.35499751567840576,-0.07574634253978729,0.12175677716732025,0.3430495262145996,-0.06216203793883324,0.18726524710655212,0.34258824586868286,-0.07984745502471924,0.2255098968744278,0.3583420515060425,-0.07912229746580124,0.25724419951438904,0.3711366653442383,-0.0744766816496849,d
0.14508311450481415,0.49464067816734314,2.9018531222391175e-07,0.19450943171977997,0.4382725954055786,-0.007414394058287144,0.2262396216392517,0.38739460706710815,-0.02534310147166252,0.26139000058174133,0.3639748990535736,-0.04780372977256775,0.29451537132263184,0.3467048108577728,-0.0697270929813385,0.15750789642333984,0.27692854404449463,-0.02371460571885109,0.1593884825706482,0.1990012228488922,-0.043713729828596115,0.151325523853302,0.1422196924686432,-0.057303644716739655,0.14524105191230774,0.09678833186626434,-0.06809490919113159,0.13156861066818237,0.28535374999046326,-0.03624133765697479,0.2083519548177719,0.2826796770095825,-0.06789769977331161,0.256988525390625,0.3068934381008148,-0.08025845140218735,0.29139402508735657,0.3293735384941101,-0.08427207171916962,0.12099555134773254,0.3118255138397217,-0.04883100464940071,0.20269238948822021,0.3149666488170624,-0.07678670436143875,0.252081036567688,0.3360081613063812,-0.0796816423535347,0.2889917492866516,0.3545280992984772,-0.07682179659605026,0.12201160192489624,0.34407204389572144,-0.06291115283966064,0.18827451765537262,0.342637300491333,-0.08061598986387253,0.226711705327034,0.35816630721092224,-0.07959088683128357,0.2582961916923523,0.3706532120704651,-0.07467177510261536,d
0.1440964937210083,0.494018018245697,2.8445376187846705e-07,0.19409717619419098,0.4372185170650482,-0.00735700037330389,0.22592593729496002,0.3872714936733246,-0.025494923815131187,0.26113462448120117,0.3642309308052063,-0.04825812578201294,0.2946675419807434,0.3472535014152527,-0.07048030197620392,0.15733061730861664,0.27702397108078003,-0.02323552593588829,0.1592613011598587,0.19847795367240906,-0.043227605521678925,0.1510130912065506,0.14156357944011688,-0.056869808584451675,0.14488112926483154,0.09600260853767395,-0.06769270449876785,0.13158941268920898,0.28556615114212036,-0.03600982576608658,0.2089708149433136,0.2821873426437378,-0.06840694695711136,0.2574616074562073,0.30723240971565247,-0.0811532735824585,0.2915855646133423,0.3307608366012573,-0.08509702980518341,0.12115593999624252,0.3117541968822479,-0.04885601997375488,0.2033725380897522,0.3145623505115509,-0.07697660475969315,0.25267454981803894,0.33612701296806335,-0.07977821677923203,0.2893573045730591,0.355184406042099,-0.07666894048452377,0.12239594012498856,0.34349605441093445,-0.06324158608913422,0.1879691183567047,0.34153029322624207,-0.08075693249702454,0.22564268112182617,0.35725289583206177,-0.07948716729879379,0.256677508354187,0.3699261248111725,-0.07434716820716858,d
0.143703430891037,0.4935736656188965,2.842641322331474e-07,0.19351816177368164,0.4366960823535919,-0.007326623424887657,0.22510908544063568,0.38624465465545654,-0.025351418182253838,0.26046276092529297,0.36364221572875977,-0.048001088201999664,0.29450950026512146,0.3472658395767212,-0.07013139873743057,0.15684670209884644,0.27690720558166504,-0.02347005344927311,0.15901638567447662,0.19790293276309967,-0.04354618862271309,0.1509668529033661,0.14106576144695282,-0.05722320079803467,0.1450926959514618,0.09545682370662689,-0.06805542856454849,0.1311941295862198,0.28546014428138733,-0.03623243421316147,0.20948466658592224,0.2826917767524719,-0.06906265765428543,0.25771334767341614,0.30867162346839905,-0.08192157745361328,0.29163607954978943,0.3327239453792572,-0.08577772974967957,0.12077419459819794,0.3117794394493103,-0.04905198514461517,0.2037564069032669,0.31519952416419983,-0.07754413038492203,0.25265949964523315,0.3374834358692169,-0.08040224760770798,0.2891041040420532,0.3566245436668396,-0.07715263217687607,0.12187779694795609,0.34346047043800354,-0.06337662786245346,0.1876668483018875,0.34160488843917847,-0.08111587166786194,0.22532294690608978,0.3573133647441864,-0.07985151559114456,0.25642064213752747,0.36959126591682434,-0.07462279498577118,d
0.14410994946956635,0.4935958683490753,2.8258492079658026e-07,0.19376471638679504,0.4358629286289215,-0.006431372370570898,0.22501668334007263,0.38507503271102905,-0.02384323626756668,0.2602008283138275,0.3619816303253174,-0.0459510013461113,0.2935011386871338,0.34468406438827515,-0.0675651878118515,0.15699386596679688,0.27666333317756653,-0.022944672033190727,0.1593194454908371,0.198171466588974,-0.042855143547058105,0.15118393301963806,0.14108391106128693,-0.056474264711141586,0.1452580839395523,0.09515045583248138,-0.06734389066696167,0.13124725222587585,0.2848256230354309,-0.03590022772550583,0.2090950310230255,0.28299522399902344,-0.06802061945199966,0.25779739022254944,0.30742794275283813,-0.08071736246347427,0.2926490902900696,0.3300146758556366,-0.08489985018968582,0.12072595953941345,0.3109520673751831,-0.048842787742614746,0.20305566489696503,0.3147370219230652,-0.07710104435682297,0.2524905800819397,0.3357901871204376,-0.08030466735363007,0.2898784577846527,0.3541768491268158,-0.07763671875,0.12165467441082001,0.3425567150115967,-0.06319054216146469,0.18751400709152222,0.3415021300315857,-0.08128902316093445,0.22571596503257751,0.35744035243988037,-0.0804937481880188,0.2574164867401123,0.36994391679763794,-0.07573029398918152,d
0.14551277458667755,0.49345940351486206,2.897114939059975e-07,0.19433774054050446,0.43634939193725586,-0.006831868551671505,0.22573606669902802,0.38505667448043823,-0.024611884728074074,0.261641263961792,0.3624800741672516,-0.04705614969134331,0.2959432601928711,0.3460593819618225,-0.06902217119932175,0.15672436356544495,0.2757240831851959,-0.02338419482111931,0.15885180234909058,0.19729465246200562,-0.04357503354549408,0.15081579983234406,0.14054957032203674,-0.05731416493654251,0.14511403441429138,0.09473982453346252,-0.06827891618013382,0.13117662072181702,0.28386715054512024,-0.03631523251533508,0.20877808332443237,0.28125903010368347,-0.06873305141925812,0.2574351131916046,0.3064386248588562,-0.08140475302934647,0.2920747697353363,0.32927176356315613,-0.08550450205802917,0.12071990966796875,0.310110479593277,-0.04927453398704529,0.2027186155319214,0.3130545914173126,-0.0777972936630249,0.25201573967933655,0.33500465750694275,-0.08078859001398087,0.289192795753479,0.3535763919353485,-0.07789570093154907,0.12177447974681854,0.34227466583251953,-0.06367044895887375,0.18756727874279022,0.34062138199806213,-0.0820007249712944,0.22621047496795654,0.356751024723053,-0.08111225068569183,0.25812220573425293,0.36927521228790283,-0.07621172070503235,d
0.14303332567214966,0.49488282203674316,2.848438214186899e-07,0.19356867671012878,0.43736833333969116,-0.00685459328815341,0.22565823793411255,0.38614797592163086,-0.024694953113794327,0.26139283180236816,0.36336976289749146,-0.04734993353486061,0.29556509852409363,0.3461928963661194,-0.06944287568330765,0.1566649079322815,0.2757943272590637,-0.02222200110554695,0.15852952003479004,0.1964174509048462,-0.04214764013886452,0.15061406791210175,0.1393280327320099,-0.05570758134126663,0.1451217234134674,0.09371152520179749,-0.06645932793617249,0.1310107409954071,0.28413254022598267,-0.03533656522631645,0.20873890817165375,0.2809654176235199,-0.06786727905273438,0.2574198246002197,0.3061668276786804,-0.08061739057302475,0.29179275035858154,0.32928466796875,-0.08451268821954727,0.12073943763971329,0.3104080557823181,-0.048564836382865906,0.20328854024410248,0.31322240829467773,-0.0768234059214592,0.2524346113204956,0.3354068398475647,-0.07957848906517029,0.2891502380371094,0.3544001579284668,-0.07636410742998123,0.12203074246644974,0.34224921464920044,-0.06331829726696014,0.1875692903995514,0.3401934504508972,-0.08091441541910172,0.22554941475391388,0.356487900018692,-0.07959103584289551,0.256806880235672,0.36914414167404175,-0.07433473318815231,d
0.14276637136936188,0.49531376361846924,2.724542298437882e-07,0.19328877329826355,0.4361751079559326,-0.00590751925483346,0.22507831454277039,0.38392752408981323,-0.022570252418518066,0.260085791349411,0.3594949245452881,-0.044072870165109634,0.29291749000549316,0.3409947156906128,-0.06500911712646484,0.1574123650789261,0.27491235733032227,-0.021217897534370422,0.1596059948205948,0.19697785377502441,-0.04118994250893593,0.15150786936283112,0.13998936116695404,-0.055089205503463745,0.14563775062561035,0.09371121227741241,-0.06623829901218414,0.1321260929107666,0.2829359471797943,-0.03453810513019562,0.209019273519516,0.2809757590293884,-0.06697802245616913,0.25738662481307983,0.3052198886871338,-0.08023875206708908,0.29226505756378174,0.3276880085468292,-0.08474580943584442,0.12171181291341782,0.3092324733734131,-0.04792485013604164,0.20286060869693756,0.3136083781719208,-0.07643689960241318,0.25185537338256836,0.33486607670783997,-0.07987981289625168,0.2892407178878784,0.35322001576423645,-0.07726907730102539,0.12273959815502167,0.34129905700683594,-0.06275000423192978,0.1872073858976364,0.34089821577072144,-0.0810234546661377,0.22498835623264313,0.35684940218925476,-0.08048974722623825,0.25670352578163147,0.36933815479278564,-0.07588250190019608,d
0.14340639114379883,0.4951457679271698,2.826683385137585e-07,0.19386808574199677,0.4358527362346649,-0.0063114711083471775,0.22548134624958038,0.38358938694000244,-0.0229877308011055,0.2603636085987091,0.35927334427833557,-0.04438246414065361,0.29329317808151245,0.34172797203063965,-0.06517864018678665,0.1577828824520111,0.2747865915298462,-0.021162519231438637,0.15998566150665283,0.19668710231781006,-0.04093528911471367,0.15199726819992065,0.1400909274816513,-0.05474944785237312,0.14579930901527405,0.09426280856132507,-0.06583646684885025,0.1321479082107544,0.283014178276062,-0.034205544739961624,0.20902058482170105,0.28022247552871704,-0.0664874017238617,0.2575730085372925,0.304117888212204,-0.07978183031082153,0.2924789786338806,0.32647377252578735,-0.08429291844367981,0.12128014862537384,0.3091411888599396,-0.04735951870679855,0.20253734290599823,0.313192754983902,-0.07546886801719666,0.2516244649887085,0.33383992314338684,-0.07883655279874802,0.28883683681488037,0.3520750105381012,-0.07624334841966629,0.12174997478723526,0.3409065008163452,-0.06204238533973694,0.18588021397590637,0.34025439620018005,-0.07997716218233109,0.22315160930156708,0.3559247851371765,-0.07932928204536438,0.2541715204715729,0.3682946562767029,-0.07468786835670471,d
0.14398808777332306,0.495306134223938,2.797773674956261e-07,0.1943107694387436,0.43619465827941895,-0.0062507702969014645,0.22559069097042084,0.38444674015045166,-0.02295287884771824,0.2600352466106415,0.35977327823638916,-0.044454626739025116,0.29236236214637756,0.3410974442958832,-0.06531544774770737,0.1577145755290985,0.2759784162044525,-0.021082790568470955,0.15989819169044495,0.1970999836921692,-0.041103485971689224,0.15230810642242432,0.1396888643503189,-0.05500328168272972,0.14653709530830383,0.09350252151489258,-0.06607765704393387,0.1321551650762558,0.2841074466705322,-0.03422465920448303,0.20872117578983307,0.28061434626579285,-0.06701124459505081,0.25711145997047424,0.3046180009841919,-0.08041173219680786,0.2917082905769348,0.3275097608566284,-0.08483563363552094,0.12151050567626953,0.309732049703598,-0.047505151480436325,0.2025565803050995,0.3133620023727417,-0.07605297863483429,0.25154098868370056,0.33421558141708374,-0.07944617420434952,0.2885805070400238,0.3528607189655304,-0.07671412825584412,0.12234064936637878,0.34094956517219543,-0.06229344755411148,0.186748206615448,0.3402465581893921,-0.08047860115766525,0.22417624294757843,0.3557840585708618,-0.07995487004518509,0.25520411133766174,0.3681837022304535,-0.0753166452050209,d
0.1440895050764084,0.4952201843261719,2.810534738273418e-07,0.19447414577007294,0.43598929047584534,-0.0062869396060705185,0.22627516090869904,0.38419607281684875,-0.023115593940019608,0.261279433965683,0.36000433564186096,-0.044798243790864944,0.2941496670246124,0.3415265381336212,-0.0658579096198082,0.15815705060958862,0.27538958191871643,-0.02092950977385044,0.16018171608448029,0.1970595121383667,-0.04109260067343712,0.1525493711233139,0.13967832922935486,-0.05513764172792435,0.14681993424892426,0.09339383244514465,-0.06631935387849808,0.13269692659378052,0.28358498215675354,-0.03413393348455429,0.2090381383895874,0.28055140376091003,-0.06709859520196915,0.2574329078197479,0.3044702410697937,-0.08068294823169708,0.29207271337509155,0.3273841142654419,-0.0852169468998909,0.12193489819765091,0.3093588948249817,-0.04751544073224068,0.2026607096195221,0.31360507011413574,-0.07638905197381973,0.2514851689338684,0.3345485031604767,-0.08001239597797394,0.28856971859931946,0.35312461853027344,-0.07734804600477219,0.12259171158075333,0.340900719165802,-0.06238649785518646,0.18692545592784882,0.34063997864723206,-0.0808543935418129,0.22440357506275177,0.3562585115432739,-0.08053632825613022,0.2555743455886841,0.3686462640762329,-0.0759953185915947,d
0.14392755925655365,0.49533000588417053,2.771339495666325e-07,0.19429367780685425,0.435787558555603,-0.005867177154868841,0.22583258152008057,0.38351961970329285,-0.022192105650901794,0.26004961133003235,0.35841694474220276,-0.0433407723903656,0.2918633222579956,0.33896300196647644,-0.0638510063290596,0.15822887420654297,0.27563920617103577,-0.02085922472178936,0.16057884693145752,0.19745296239852905,-0.040478769689798355,0.15292033553123474,0.1403074562549591,-0.05393809452652931,0.14716379344463348,0.09432929754257202,-0.06470579653978348,0.1327037811279297,0.2836408317089081,-0.03401767089962959,0.20931920409202576,0.2812648117542267,-0.06603588908910751,0.2577647566795349,0.30490636825561523,-0.0789233148097992,0.29259663820266724,0.3271348774433136,-0.08321273326873779,0.12209391593933105,0.30931979417800903,-0.04728395491838455,0.20358416438102722,0.3143768906593323,-0.07538484781980515,0.25225111842155457,0.33545249700546265,-0.0785684585571289,0.28916841745376587,0.3539271950721741,-0.07586244493722916,0.12284888327121735,0.3406705856323242,-0.06203341484069824,0.18750780820846558,0.34061363339424133,-0.08001227676868439,0.2248935103416443,0.3565060794353485,-0.07942414283752441,0.25605279207229614,0.369108110666275,-0.07481467723846436,d
0.14442069828510284,0.49541598558425903,2.8189467116135347e-07,0.1946999579668045,0.4353562295436859,-0.00584003608673811,0.22608232498168945,0.38323965668678284,-0.022251978516578674,0.26072239875793457,0.35867658257484436,-0.04353805631399155,0.2931137681007385,0.33950769901275635,-0.0641917884349823,0.15830111503601074,0.27560508251190186,-0.020735032856464386,0.1603488028049469,0.19756269454956055,-0.040416132658720016,0.152523010969162,0.14067822694778442,-0.05395754054188728,0.14658313989639282,0.09460602700710297,-0.06480035185813904,0.1326294094324112,0.28375840187072754,-0.03391709178686142,0.20885653793811798,0.28074753284454346,-0.06606780737638474,0.257224977016449,0.3043428659439087,-0.07912907749414444,0.29205140471458435,0.32661086320877075,-0.08349362015724182,0.1219085231423378,0.3095305860042572,-0.047206491231918335,0.20334014296531677,0.3141799867153168,-0.07546249777078629,0.2520807087421417,0.33564382791519165,-0.07871942222118378,0.2890154719352722,0.3544745445251465,-0.07597299665212631,0.12257973104715347,0.34095463156700134,-0.061954397708177567,0.1875595897436142,0.3407047390937805,-0.07996148616075516,0.22500762343406677,0.3567360043525696,-0.07938064634799957,0.2560897171497345,0.3693443238735199,-0.07474612444639206,d
0.14425183832645416,0.4958174526691437,2.7816994929708017e-07,0.19453392922878265,0.43582895398139954,-0.005790949799120426,0.2258220911026001,0.38368743658065796,-0.02235870249569416,0.26047980785369873,0.35910549759864807,-0.043794482946395874,0.2928932309150696,0.3399437665939331,-0.06462141871452332,0.15818579494953156,0.27562135457992554,-0.02086053416132927,0.16034746170043945,0.1974921077489853,-0.04064369946718216,0.1525924801826477,0.1405268758535385,-0.054252613335847855,0.14666830003261566,0.09470584988594055,-0.06505868583917618,0.13249434530735016,0.28365159034729004,-0.03402675315737724,0.2092013657093048,0.2806592285633087,-0.0661626085639,0.2573230564594269,0.3048577308654785,-0.07911232858896255,0.2916545271873474,0.32788318395614624,-0.08330591768026352,0.12174539268016815,0.3094191253185272,-0.04729011654853821,0.20342539250850677,0.31366387009620667,-0.07547357678413391,0.2520318031311035,0.33474454283714294,-0.07877644151449203,0.28873422741889954,0.35356059670448303,-0.0760205090045929,0.12238340079784393,0.3409053683280945,-0.06198867782950401,0.1876644641160965,0.34042784571647644,-0.08004267513751984,0.22540822625160217,0.3560034930706024,-0.07954328507184982,0.25663983821868896,0.368463397026062,-0.07491055130958557,d
0.14317144453525543,0.49527162313461304,2.8374893190630246e-07,0.19437435269355774,0.435846209526062,-0.005855337250977755,0.22629567980766296,0.3850356340408325,-0.022907743230462074,0.26152122020721436,0.36142751574516296,-0.0450081005692482,0.29479900002479553,0.34286150336265564,-0.06646435707807541,0.15782810747623444,0.2756147086620331,-0.02024139277637005,0.1598518192768097,0.19765634834766388,-0.03994465246796608,0.15224744379520416,0.14063183963298798,-0.05344139412045479,0.1465657353401184,0.09496824443340302,-0.06417464464902878,0.13229167461395264,0.2839735746383667,-0.03368464484810829,0.2086372673511505,0.2800103724002838,-0.06580048054456711,0.25650542974472046,0.3039836585521698,-0.0786999836564064,0.2904701828956604,0.3263370990753174,-0.0827779471874237,0.12181299179792404,0.3097834885120392,-0.047302234917879105,0.20315442979335785,0.3132859170436859,-0.07545014470815659,0.2519928514957428,0.3346404731273651,-0.07855726033449173,0.2885900139808655,0.35365745425224304,-0.07557641714811325,0.12295461446046829,0.34107348322868347,-0.062396690249443054,0.18802006542682648,0.3400108814239502,-0.0801284983754158,0.22569489479064941,0.3556958734989166,-0.07933413982391357,0.25669756531715393,0.36832141876220703,-0.07450031489133835,d
0.14335310459136963,0.4949952960014343,2.838695820628345e-07,0.19406546652317047,0.43601441383361816,-0.00598951568827033,0.22566170990467072,0.3851102292537689,-0.02304832823574543,0.26040756702423096,0.36101582646369934,-0.04490268975496292,0.2928871214389801,0.3421142101287842,-0.06610753387212753,0.1569495052099228,0.27545249462127686,-0.021412506699562073,0.15996143221855164,0.1968264877796173,-0.04115506261587143,0.15253007411956787,0.1400953084230423,-0.05471383407711983,0.1467715948820114,0.09454576671123505,-0.06544190645217896,0.13155469298362732,0.2834942638874054,-0.03447601571679115,0.2091296762228012,0.2796916365623474,-0.06614165008068085,0.2568668723106384,0.3041563928127289,-0.07865312695503235,0.29070132970809937,0.32663312554359436,-0.08261113613843918,0.12139476090669632,0.3092975616455078,-0.047615114599466324,0.20356035232543945,0.3125138282775879,-0.07524839043617249,0.2521009147167206,0.3338596522808075,-0.07800694555044174,0.2884504795074463,0.35271382331848145,-0.07500365376472473,0.12295512855052948,0.3406692445278168,-0.06221325695514679,0.18828639388084412,0.3396933674812317,-0.07962007075548172,0.2259572297334671,0.35520485043525696,-0.07853987067937851,0.25695663690567017,0.3676098585128784,-0.07358883321285248,d
0.14253538846969604,0.49468207359313965,2.844776361143886e-07,0.1937665045261383,0.43663448095321655,-0.006532135419547558,0.2259373664855957,0.3862483501434326,-0.02423635683953762,0.2610986828804016,0.362926185131073,-0.04682585969567299,0.2943313717842102,0.3448525071144104,-0.06879457086324692,0.15741203725337982,0.27556169033050537,-0.021495264023542404,0.15975956618785858,0.1972275972366333,-0.04163026437163353,0.15230917930603027,0.13969670236110687,-0.05536412075161934,0.1467888504266739,0.09405669569969177,-0.06616289913654327,0.13175976276397705,0.2837550938129425,-0.03468307480216026,0.20872622728347778,0.2796449065208435,-0.06716657429933548,0.2564750611782074,0.3046470582485199,-0.07989130169153214,0.2901085913181305,0.32778942584991455,-0.08368665724992752,0.12120330333709717,0.3094628155231476,-0.04805200546979904,0.20273616909980774,0.31244775652885437,-0.07640930265188217,0.2514003813266754,0.33423325419425964,-0.07927107810974121,0.2877146601676941,0.35332924127578735,-0.07604589313268661,0.12243618071079254,0.34083759784698486,-0.06292209774255753,0.1873827427625656,0.3399695158004761,-0.08066816627979279,0.2252011001110077,0.355796217918396,-0.07963960617780685,0.25629109144210815,0.3684037923812866,-0.07459186762571335,d
0.14320340752601624,0.494806706905365,2.876652445138461e-07,0.19407819211483002,0.4353524446487427,-0.005710574332624674,0.22581972181797028,0.3835201859474182,-0.022385146468877792,0.26114973425865173,0.359670490026474,-0.044004034250974655,0.2944651246070862,0.3416811227798462,-0.06509435921907425,0.15699610114097595,0.27545419335365295,-0.02057710662484169,0.1603207290172577,0.19716322422027588,-0.04020197317004204,0.15305814146995544,0.14011690020561218,-0.053775135427713394,0.14756493270397186,0.09411521255970001,-0.06463376432657242,0.13141576945781708,0.2837483286857605,-0.033902931958436966,0.20906099677085876,0.28020939230918884,-0.06591010093688965,0.25792860984802246,0.30427560210227966,-0.07895521074533463,0.29287177324295044,0.32682695984840393,-0.08327966183423996,0.12096144258975983,0.3095467686653137,-0.04730277135968208,0.2032739371061325,0.31286564469337463,-0.07527736574411392,0.252445250749588,0.3345528841018677,-0.07838508486747742,0.2893085777759552,0.35366514325141907,-0.07556057721376419,0.12194567918777466,0.34086525440216064,-0.06216586381196976,0.1870829164981842,0.33952173590660095,-0.07995788753032684,0.22463876008987427,0.3556500971317291,-0.0791495144367218,0.2556650638580322,0.3684994876384735,-0.07435919344425201,d
0.14337469637393951,0.4954821467399597,2.8659587769652717e-07,0.1941814124584198,0.4365405738353729,-0.0062498669140040874,0.2264028638601303,0.38521987199783325,-0.02342691272497177,0.26193249225616455,0.3615756630897522,-0.04555024206638336,0.2954433262348175,0.34355565905570984,-0.067062146961689,0.15795254707336426,0.2751116156578064,-0.02067038044333458,0.16035954654216766,0.1969408094882965,-0.04044267162680626,0.1526522934436798,0.13984809815883636,-0.05398903414607048,0.14681655168533325,0.09400840103626251,-0.06477748602628708,0.132314071059227,0.28338339924812317,-0.033923037350177765,0.20831221342086792,0.2798326313495636,-0.06593707948923111,0.2564225196838379,0.30373215675354004,-0.07883041352033615,0.29072508215904236,0.32584160566329956,-0.08302663266658783,0.1216193288564682,0.30927711725234985,-0.04736412689089775,0.20265263319015503,0.3132949769496918,-0.07564709335565567,0.251621276140213,0.3352573812007904,-0.07876929640769958,0.2885172963142395,0.3542676568031311,-0.07583774626255035,0.12249620258808136,0.3408854901790619,-0.06230944022536278,0.18699206411838531,0.3399139642715454,-0.08029914647340775,0.22473058104515076,0.3561709225177765,-0.0795789435505867,0.25609344244003296,0.36914411187171936,-0.07477688044309616,d
0.14245763421058655,0.49625498056411743,2.825202614076261e-07,0.19353048503398895,0.4366873800754547,-0.005874146707355976,0.2255972921848297,0.3855626583099365,-0.022819973528385162,0.2604239284992218,0.36114591360092163,-0.04469883441925049,0.29262951016426086,0.3420267701148987,-0.066025011241436,0.15709516406059265,0.2757631540298462,-0.02092362754046917,0.1601891815662384,0.1972123086452484,-0.04079041630029678,0.15281209349632263,0.1399044692516327,-0.05452003702521324,0.1469990611076355,0.09402088820934296,-0.0653972178697586,0.13135872781276703,0.283786416053772,-0.03416462615132332,0.2090730369091034,0.2796594500541687,-0.06619800627231598,0.2575312852859497,0.30453914403915405,-0.07903233915567398,0.29177168011665344,0.32813265919685364,-0.08310741186141968,0.12102289497852325,0.30952608585357666,-0.04747913032770157,0.20380643010139465,0.3126976490020752,-0.07541796565055847,0.2522900700569153,0.33508968353271484,-0.07805711030960083,0.28817468881607056,0.35515010356903076,-0.07484383881092072,0.12213601917028427,0.3411605954170227,-0.06227293983101845,0.18758513033390045,0.34036391973495483,-0.07998722791671753,0.22520315647125244,0.3565307855606079,-0.07883945852518082,0.2560483515262604,0.3698190748691559,-0.07367552816867828,d
