0.7831874489784241,0.9724202156066895,-1.0788575366404984e-07,0.7283147573471069,0.9078854918479919,0.014005913399159908,0.6907685995101929,0.8249395489692688,0.014256255701184273,0.6586913466453552,0.7800498008728027,0.006534437648952007,0.6257295608520508,0.7390804886817932,-0.0026277932338416576,0.7453482747077942,0.7208467125892639,0.02346591278910637,0.7433394193649292,0.6221811771392822,0.01810034178197384,0.7371225357055664,0.5733629465103149,0.01149733830243349,0.7255690693855286,0.5366162657737732,0.005052670370787382,0.7606619596481323,0.7321908473968506,0.0027892307844012976,0.720497190952301,0.6612254977226257,-0.014376594685018063,0.682750940322876,0.6740453243255615,-0.027462884783744812,0.6518328785896301,0.7001288533210754,-0.033147696405649185,0.7734676003456116,0.7522057294845581,-0.018801476806402206,0.742527186870575,0.6751298308372498,-0.030152497813105583,0.7004285454750061,0.6632804870605469,-0.03674715757369995,0.6647709608078003,0.6648977994918823,-0.040614645928144455,0.7839581370353699,0.7777773141860962,-0.039735935628414154,0.7766467332839966,0.7127071619033813,-0.044824499636888504,0.7591565251350403,0.6749814748764038,-0.047136612236499786,0.7421133518218994,0.6487603187561035,-0.04908369481563568,d
0.7804825305938721,0.9358058571815491,-7.889772746239032e-08,0.719670832157135,0.8623300194740295,0.00958595797419548,0.6808557510375977,0.7855764031410217,0.006320491898804903,0.6478911638259888,0.7400472164154053,-0.006646217778325081,0.61715167760849,0.6996670961380005,-0.02042735181748867,0.7541061043739319,0.6883122324943542,0.020820755511522293,0.7529803514480591,0.5922632217407227,0.007141511887311935,0.7388744950294495,0.5355410575866699,-0.00611333642154932,0.7203326225280762,0.4911499619483948,-0.01688132807612419,0.7723005414009094,0.7010892629623413,-0.0010473853908479214,0.7297531366348267,0.6162410378456116,-0.027520347386598587,0.6756851077079773,0.6171606779098511,-0.044179633259773254,0.6389833688735962,0.640652060508728,-0.05094561725854874,0.7816312909126282,0.7251442670822144,-0.024940913543105125,0.7447829842567444,0.6417477130889893,-0.04905702918767929,0.690126359462738,0.6363706588745117,-0.05652621388435364,0.6525806784629822,0.6528359651565552,-0.05593573674559593,0.7829100489616394,0.7560399174690247,-0.048778679221868515,0.7520785331726074,0.6868122816085815,-0.06612741947174072,0.7116689085960388,0.6694965958595276,-0.06964632868766785,0.679749071598053,0.6741555333137512,-0.06799166649580002,d
0.7704934477806091,0.8946786522865295,-8.251226546462931e-08,0.7082884311676025,0.8284524083137512,0.003261065576225519,0.6704986691474915,0.7525774240493774,-0.0001962491514859721,0.637458086013794,0.7082251310348511,-0.011407924816012383,0.6060376167297363,0.67105633020401,-0.023320382460951805,0.7393931150436401,0.6560918092727661,0.015674984082579613,0.7390465140342712,0.5612537860870361,0.0027258472982794046,0.7265810370445251,0.5055763721466064,-0.009160911664366722,0.710318386554718,0.46010592579841614,-0.019295375794172287,0.7565474510192871,0.66734379529953,-0.0015053459210321307,0.7148553729057312,0.5860947966575623,-0.029078911989927292,0.6625871062278748,0.5912702083587646,-0.045934103429317474,0.6276023983955383,0.6168009638786316,-0.05239078775048256,0.7672379016876221,0.6896176338195801,-0.020961785688996315,0.7287099957466125,0.6128910779953003,-0.046960122883319855,0.6744132041931152,0.612272322177887,-0.056409336626529694,0.6374669075012207,0.6295809745788574,-0.056975286453962326,0.7709596157073975,0.7185488343238831,-0.04061269387602806,0.7361379861831665,0.6600947976112366,-0.059224508702754974,0.6977428793907166,0.6503130793571472,-0.06437274813652039,0.6695395112037659,0.6584607362747192,-0.06400655210018158,d
0.7599014043807983,0.8634893894195557,-1.3237014684364112e-07,0.6997184157371521,0.7999243140220642,0.004436453338712454,0.6647923588752747,0.7249476909637451,0.001003849320113659,0.6344105005264282,0.6805281639099121,-0.010035853832960129,0.6028885245323181,0.6461233496665955,-0.022056560963392258,0.7380987405776978,0.6271788477897644,0.013197334483265877,0.7335065007209778,0.5368174314498901,0.0015393822686746716,0.720566987991333,0.48405638337135315,-0.008855522610247135,0.7034572958946228,0.44151046872138977,-0.018291041254997253,0.7565118670463562,0.6382336020469666,-0.00412856787443161,0.7010838389396667,0.5648595094680786,-0.028669031336903572,0.6483965516090393,0.5754985809326172,-0.04393928125500679,0.6141726970672607,0.6022615432739258,-0.05083183944225311,0.7666438817977905,0.6610382199287415,-0.023180756717920303,0.714850902557373,0.5900250673294067,-0.04846905171871185,0.661799967288971,0.5998853445053101,-0.05668363347649574,0.6277751326560974,0.6243730783462524,-0.05718773230910301,0.7682675123214722,0.6898719072341919,-0.042107537388801575,0.725415825843811,0.6363837122917175,-0.061644237488508224,0.6887427568435669,0.6341999173164368,-0.06660638749599457,0.6639797687530518,0.6487959623336792,-0.06625884026288986,d
0.7588005661964417,0.837169349193573,-2.9025187586739776e-07,0.6894670724868774,0.7669076323509216,0.043152522295713425,0.6595446467399597,0.7041687369346619,0.04668242856860161,0.6306249499320984,0.6619508862495422,0.03009871393442154,0.5980859398841858,0.6186449527740479,0.008199888281524181,0.7298956513404846,0.6101852655410767,0.05040304362773895,0.72533118724823,0.5227807760238647,0.04290461167693138,0.7150143384933472,0.47104448080062866,0.03352855518460274,0.6986474990844727,0.42945918440818787,0.022699417546391487,0.7463287115097046,0.6218549013137817,0.004794593434780836,0.6893436312675476,0.5550994277000427,-0.022233793511986732,0.6331979036331177,0.5711873173713684,-0.04487186670303345,0.5963050723075867,0.5946351289749146,-0.0578840933740139,0.7542933225631714,0.6397722959518433,-0.04068567603826523,0.6998661756515503,0.5759122371673584,-0.06996554136276245,0.6458449363708496,0.5927954912185669,-0.0850789025425911,0.6128233671188354,0.6208435297012329,-0.09171530604362488,0.7549652457237244,0.6607056856155396,-0.08303268998861313,0.7074068188667297,0.6102966070175171,-0.1072833463549614,0.6674208045005798,0.6149457693099976,-0.11690278351306915,0.6417117714881897,0.6360098719596863,-0.12165933847427368,d
0.7494751214981079,0.8204092383384705,-1.773222066958624e-07,0.6842058300971985,0.755652666091919,0.01976790837943554,0.651238739490509,0.6898452043533325,0.018454810604453087,0.6213054656982422,0.6463409662246704,0.004049079492688179,0.5909273624420166,0.6039738655090332,-0.012776742689311504,0.7238660454750061,0.5960559844970703,0.030837491154670715,0.7205018401145935,0.5109304189682007,0.02066083997488022,0.7126787900924683,0.4599573016166687,0.01081504300236702,0.6989384889602661,0.41795814037323,0.0011414949549362063,0.7415837049484253,0.6056206822395325,0.0021201863419264555,0.6824383735656738,0.5427811145782471,-0.023025473579764366,0.6295206546783447,0.5560179948806763,-0.040663477033376694,0.5952271223068237,0.5776182413101196,-0.049760960042476654,0.7499803900718689,0.6246770024299622,-0.027996094897389412,0.6919536590576172,0.5612515807151794,-0.05609391629695892,0.639289379119873,0.5797104239463806,-0.06611116230487823,0.606748104095459,0.6063919067382812,-0.06774937361478806,0.7495566010475159,0.6484733819961548,-0.05682283639907837,0.7014954090118408,0.5983531475067139,-0.08008074015378952,0.6615866422653198,0.6008025407791138,-0.08688954263925552,0.6348752975463867,0.6182680726051331,-0.08778759837150574,d
0.746499240398407,0.8056425452232361,-1.8827506664820248e-07,0.6812922358512878,0.7425105571746826,0.025425247848033905,0.6497145891189575,0.6808719635009766,0.025542989373207092,0.6212261319160461,0.6381232738494873,0.01092621311545372,0.5914358496665955,0.5973491668701172,-0.006774560548365116,0.7164502143859863,0.5864405035972595,0.03790721669793129,0.7138969898223877,0.5040929317474365,0.031078800559043884,0.7089751362800598,0.45398885011672974,0.023081310093402863,0.698393702507019,0.4117618203163147,0.0140603082254529,0.7344869375228882,0.5948760509490967,0.006406387779861689,0.6742469668388367,0.5424224734306335,-0.01611044816672802,0.6273488998413086,0.5589587688446045,-0.034351784735918045,0.5981510281562805,0.579261839389801,-0.04469352588057518,0.7422083616256714,0.6110196709632874,-0.025980528444051743,0.6846005320549011,0.5563678741455078,-0.05153254047036171,0.6350570321083069,0.5754343271255493,-0.06276416778564453,0.6041000485420227,0.6028359532356262,-0.06640426069498062,0.7400283813476562,0.6315158009529114,-0.056683335453271866,0.6917154788970947,0.5872809886932373,-0.0774344652891159,0.6548343300819397,0.5939156413078308,-0.08421941846609116,0.6299482583999634,0.6152797937393188,-0.08610889315605164,d
0.7452775239944458,0.7967560291290283,-1.602171977310718e-07,0.6781774759292603,0.7318148612976074,0.03213123232126236,0.6456817984580994,0.673694908618927,0.033390969038009644,0.6152095794677734,0.6350587010383606,0.0181842390447855,0.5839906930923462,0.5957956314086914,-0.0005254431162029505,0.7150886654853821,0.5805028080940247,0.04562246799468994,0.7089048027992249,0.5008396506309509,0.04120790585875511,0.7048112154006958,0.4522489905357361,0.034669939428567886,0.6964112520217896,0.4111086130142212,0.02642347663640976,0.7315943837165833,0.589497447013855,0.01011905912309885,0.6684004664421082,0.5397118330001831,-0.009556381963193417,0.6216757297515869,0.5565191507339478,-0.02647726982831955,0.5934759974479675,0.5766077041625977,-0.0363263301551342,0.7378798723220825,0.6062555909156799,-0.02603246457874775,0.6757025122642517,0.5559539794921875,-0.049762044101953506,0.6269658207893372,0.5769215822219849,-0.059348203241825104,0.5974132418632507,0.6042645573616028,-0.06219794973731041,0.7347293496131897,0.6271178722381592,-0.06008290499448776,0.68365079164505,0.5830984711647034,-0.07987681776285172,0.6461321115493774,0.5908673405647278,-0.08535153418779373,0.6208584904670715,0.6125403046607971,-0.0864696279168129,d
0.7410691976547241,0.7903323173522949,-1.6561276083848497e-07,0.6753286719322205,0.730747401714325,0.026533817872405052,0.6448999047279358,0.6751294732093811,0.027791360393166542,0.6156206727027893,0.6374903917312622,0.014561954885721207,0.5841189622879028,0.6042556762695312,-0.0016165036940947175,0.7099510431289673,0.5773981809616089,0.04142356663942337,0.7052431702613831,0.49921655654907227,0.03764694556593895,0.7030311226844788,0.45108044147491455,0.03177369758486748,0.6964053511619568,0.4102287292480469,0.02439567819237709,0.7268595099449158,0.5830997824668884,0.01141358818858862,0.6617890000343323,0.5405353307723999,-0.005877911578863859,0.6165825128555298,0.5580343008041382,-0.02140737883746624,0.588598370552063,0.5780185461044312,-0.030503684654831886,0.7333588600158691,0.5983898043632507,-0.019376525655388832,0.6684769988059998,0.5557852983474731,-0.040603432804346085,0.6211139559745789,0.5770980715751648,-0.05003659427165985,0.5915675163269043,0.6045306324958801,-0.05310368537902832,0.729248046875,0.6187631487846375,-0.048520054668188095,0.676068127155304,0.58121657371521,-0.06640516966581345,0.6374773383140564,0.5869354605674744,-0.07206332683563232,0.6102246642112732,0.6048285961151123,-0.0732998177409172,d
0.7396276593208313,0.7845529913902283,-1.5161259625529055e-07,0.6724628210067749,0.7254510521888733,0.02020741067826748,0.641654372215271,0.6713069677352905,0.01952243596315384,0.611132025718689,0.6357015371322632,0.006787583231925964,0.5798324346542358,0.6057621240615845,-0.008500211872160435,0.7081288695335388,0.576088547706604,0.03031187132000923,0.7021713852882385,0.4980560541152954,0.0239684097468853,0.7015023827552795,0.45095860958099365,0.016931958496570587,0.6973578333854675,0.40912723541259766,0.009417184628546238,0.7253397107124329,0.5807465314865112,0.005683539435267448,0.6560260057449341,0.544203519821167,-0.011873533017933369,0.6111189126968384,0.5633506774902344,-0.026784831658005714,0.5840240716934204,0.5820105671882629,-0.03584444522857666,0.7318996787071228,0.5960198044776917,-0.01963563822209835,0.6618481278419495,0.5594056844711304,-0.04016076773405075,0.6151317954063416,0.5831094980239868,-0.04865109175443649,0.5865768194198608,0.6110928654670715,-0.05129697173833847,0.7274553179740906,0.6161500811576843,-0.04366808012127876,0.6726980805397034,0.5840057134628296,-0.060206517577171326,0.6358461976051331,0.5924587845802307,-0.06484292447566986,0.6100724339485168,0.6114405393600464,-0.06530068069696426,d
0.7394391894340515,0.7804709672927856,-1.2687522144005925e-07,0.6715311408042908,0.7209113836288452,0.02453579753637314,0.6390528082847595,0.6697585582733154,0.024082383140921593,0.6077712178230286,0.6341546177864075,0.009623995050787926,0.5764681100845337,0.6002366542816162,-0.007489173207432032,0.7053568363189697,0.5746349096298218,0.039012517780065536,0.7003406882286072,0.49781057238578796,0.03327099606394768,0.7007644772529602,0.4489845633506775,0.025496426969766617,0.697148323059082,0.40653175115585327,0.017158862203359604,0.7226446866989136,0.5787950158119202,0.010839942842721939,0.65208899974823,0.5450446009635925,-0.007879266515374184,0.6088220477104187,0.5650264620780945,-0.025295211002230644,0.5829125046730042,0.5845932364463806,-0.03566892817616463,0.7289585471153259,0.5915857553482056,-0.018052130937576294,0.6586031317710876,0.5585521459579468,-0.03879162669181824,0.6133825778961182,0.5821912288665771,-0.04867541417479515,0.585352897644043,0.6108450889587402,-0.05216548591852188,0.7241649031639099,0.6084214448928833,-0.04555173218250275,0.6687622666358948,0.5821999311447144,-0.0617300383746624,0.6329488158226013,0.5925219655036926,-0.067002072930336,0.6079503893852234,0.6130096316337585,-0.0680570900440216,d
0.7334369421005249,0.7755966782569885,-9.387125032844779e-08,0.6699699759483337,0.7216824293136597,0.009923670440912247,0.6366326212882996,0.669952929019928,0.004817705135792494,0.6047082543373108,0.6351483464241028,-0.009243684820830822,0.5739050507545471,0.6071863174438477,-0.025099949911236763,0.6999977231025696,0.5746172666549683,0.013291695155203342,0.6963134407997131,0.4971832036972046,0.0018145987996831536,0.698509156703949,0.44887885451316833,-0.007777347229421139,0.6982536911964417,0.40690046548843384,-0.01608496904373169,0.7178135514259338,0.5796339511871338,-0.004386321175843477,0.6497628092765808,0.5513854622840881,-0.024949995800852776,0.6069265604019165,0.572245180606842,-0.038731832057237625,0.5812347531318665,0.5894662737846375,-0.04658644646406174,0.7251681685447693,0.5953629016876221,-0.02293640933930874,0.6559129953384399,0.5680046677589417,-0.04466373473405838,0.6126716136932373,0.5914648771286011,-0.051196932792663574,0.5854124426841736,0.6183215379714966,-0.0521850548684597,0.7213216423988342,0.6156308054924011,-0.04097853973507881,0.6673058867454529,0.5956289172172546,-0.05839098244905472,0.634010374546051,0.607917070388794,-0.0626373365521431,0.6103760004043579,0.6282219290733337,-0.06209829822182655,d
0.7347773909568787,0.7724275588989258,-1.2503684843068186e-07,0.666766881942749,0.7174850106239319,0.013612999580800533,0.6350741386413574,0.669821560382843,0.00891842506825924,0.6049122214317322,0.636530339717865,-0.005631003994494677,0.5758227705955505,0.6070734262466431,-0.022299040108919144,0.7002387642860413,0.5741734504699707,0.015864193439483643,0.6931350231170654,0.4993966817855835,0.0048615471459925175,0.6951767206192017,0.45238691568374634,-0.004351503681391478,0.6950117945671082,0.41194140911102295,-0.012204990722239017,0.7179628610610962,0.5791136026382446,-0.003319615265354514,0.6457317471504211,0.5550304651260376,-0.023227088153362274,0.6019715666770935,0.5796028971672058,-0.036193352192640305,0.5766265988349915,0.6004592776298523,-0.043461281806230545,0.7238823175430298,0.5950803160667419,-0.02310384251177311,0.6496447920799255,0.5739504098892212,-0.04304489120841026,0.6069170832633972,0.5998742580413818,-0.04833563044667244,0.5806429386138916,0.6281294226646423,-0.0489293672144413,0.7176799178123474,0.6162604093551636,-0.04223030060529709,0.6604782938957214,0.6035792827606201,-0.05742639675736427,0.6265809535980225,0.6168450713157654,-0.060789965093135834,0.6021413803100586,0.6367476582527161,-0.05999147146940231,d
0.7324087023735046,0.7716996669769287,-1.2719772257696604e-07,0.6652702689170837,0.7167366743087769,0.013720842078328133,0.6329529285430908,0.6691288352012634,0.009082556702196598,0.6031861305236816,0.6370396614074707,-0.005310715641826391,0.5757489800453186,0.6065720319747925,-0.021738745272159576,0.6982340216636658,0.5742127895355225,0.014714914374053478,0.6895841360092163,0.5017927289009094,0.0032386460807174444,0.6915801167488098,0.4556725323200226,-0.006256086751818657,0.6920099854469299,0.41557660698890686,-0.014205464161932468,0.7163861393928528,0.5797488689422607,-0.004567158408463001,0.6441097855567932,0.5584099888801575,-0.02499070018529892,0.6008989810943604,0.5827322006225586,-0.038059335201978683,0.575863242149353,0.6021732687950134,-0.04530051350593567,0.7225075960159302,0.5957419276237488,-0.024383729323744774,0.6474003195762634,0.5768517255783081,-0.04459402337670326,0.6054649949073792,0.603770911693573,-0.049770720303058624,0.5800668597221375,0.6327182054519653,-0.050151776522397995,0.7163190245628357,0.6166692972183228,-0.04352759197354317,0.6578659415245056,0.6047802567481995,-0.05889607220888138,0.6249889135360718,0.6193564534187317,-0.06214907392859459,0.6019359827041626,0.6404361724853516,-0.06117883324623108,d
0.7288712859153748,0.76955646276474,-1.1166923030714315e-07,0.6638454794883728,0.7166388034820557,0.011900855228304863,0.6310300827026367,0.6706677675247192,0.006639458704739809,0.6018511056900024,0.6375133991241455,-0.008092109113931656,0.5756968259811401,0.6049985289573669,-0.024640757590532303,0.6938574910163879,0.575903058052063,0.013782672584056854,0.6871052384376526,0.5032615661621094,0.0017095417715609074,0.6892147660255432,0.4572330117225647,-0.008228844031691551,0.6899239420890808,0.4174758195877075,-0.01653430424630642,0.7116745710372925,0.5819867849349976,-0.004869568161666393,0.6417475342750549,0.5591588020324707,-0.026348570361733437,0.5988973379135132,0.584627091884613,-0.03976110741496086,0.5743619799613953,0.6047501564025879,-0.0469098724424839,0.7179495096206665,0.5980083346366882,-0.024265006184577942,0.6461501121520996,0.5789929628372192,-0.04560204967856407,0.604416012763977,0.6066474914550781,-0.050833553075790405,0.5790592432022095,0.6355137228965759,-0.05090010166168213,0.7125018835067749,0.6191121935844421,-0.043139152228832245,0.6569698452949524,0.6085977554321289,-0.059504128992557526,0.6257998943328857,0.6235859394073486,-0.06304258108139038,0.6044535040855408,0.643946647644043,-0.062026407569646835,d
0.7261647582054138,0.7729551792144775,-1.0335593003674148e-07,0.6638060808181763,0.7230135798454285,0.009331190027296543,0.6306936740875244,0.6758651733398438,0.003681679256260395,0.6028271317481995,0.6417436599731445,-0.010623284615576267,0.577620267868042,0.6105138659477234,-0.026585841551423073,0.6901214122772217,0.5796470642089844,0.009907576255500317,0.6841269135475159,0.5072548389434814,-0.0025439532473683357,0.686545729637146,0.46094509959220886,-0.012337572872638702,0.6881348490715027,0.4209800362586975,-0.020318135619163513,0.7073677778244019,0.5860412120819092,-0.007232288364320993,0.6383535861968994,0.564588725566864,-0.028861552476882935,0.5953384637832642,0.5905099511146545,-0.041965845972299576,0.5707099437713623,0.6104941368103027,-0.048706986010074615,0.713491678237915,0.6021692752838135,-0.025119181722402573,0.6426158547401428,0.5823260545730591,-0.047214582562446594,0.6022202968597412,0.6121256947517395,-0.05247211828827858,0.5785326957702637,0.6432620286941528,-0.05214275047183037,0.7082121968269348,0.6227579712867737,-0.04258298501372337,0.6539231538772583,0.6077527403831482,-0.05994690582156181,0.6240260601043701,0.6234111785888672,-0.06348225474357605,0.6041555404663086,0.6463996171951294,-0.06204802915453911,d
0.7245516777038574,0.775686502456665,-8.173111609721673e-08,0.6625486016273499,0.7270289659500122,0.007842172868549824,0.6306402087211609,0.6828160285949707,0.0008507673046551645,0.601691722869873,0.6520098447799683,-0.01430565770715475,0.5746923089027405,0.6248868703842163,-0.031199121847748756,0.6867452263832092,0.5841938257217407,0.006172792054712772,0.6809607148170471,0.5117290616035461,-0.007544995751231909,0.6835958361625671,0.46525341272354126,-0.018311757594347,0.6850964426994324,0.4249305725097656,-0.02697618305683136,0.7046580910682678,0.5901222825050354,-0.01012866199016571,0.6357320547103882,0.5712618231773376,-0.031878069043159485,0.5941154956817627,0.5957358479499817,-0.04491843655705452,0.5698473453521729,0.6132820844650269,-0.05214722827076912,0.7111694812774658,0.6074507832527161,-0.027134574949741364,0.6402155160903931,0.5909271240234375,-0.048714421689510345,0.6008503437042236,0.618880033493042,-0.05352390930056572,0.5768191814422607,0.6472818851470947,-0.05336909368634224,0.7056639790534973,0.6305620074272156,-0.043882373720407486,0.6532062888145447,0.6167834401130676,-0.06051134318113327,0.6233049035072327,0.6284717917442322,-0.06383976340293884,0.6017439365386963,0.6468242406845093,-0.06265919655561447,d
0.7241469621658325,0.7734267711639404,-7.041751359793125e-08,0.6624489426612854,0.7276148200035095,0.0072876643389463425,0.628903865814209,0.6836450695991516,0.0009366935701109469,0.5999608039855957,0.6528640389442444,-0.01312678400427103,0.5737563967704773,0.6249584555625916,-0.028835956007242203,0.6818403601646423,0.586633563041687,0.0045796846970915794,0.6793045997619629,0.5120619535446167,-0.010193956084549427,0.683296263217926,0.4643203616142273,-0.021371327340602875,0.6855366230010986,0.4237867295742035,-0.029969047755002975,0.7002795934677124,0.5920500755310059,-0.010752656497061253,0.6352530121803284,0.5719162821769714,-0.03363577276468277,0.5939844250679016,0.5957885980606079,-0.04676083102822304,0.5694112181663513,0.6147119402885437,-0.05355653539299965,0.7083667516708374,0.607519805431366,-0.026791878044605255,0.6413691639900208,0.5912786722183228,-0.049517594277858734,0.6002740263938904,0.6189776062965393,-0.05475292354822159,0.5743763446807861,0.6478373408317566,-0.05433860421180725,0.7051966786384583,0.6285528540611267,-0.04246637970209122,0.6529914140701294,0.6202836632728577,-0.05998792126774788,0.6226857900619507,0.6356246471405029,-0.06371632218360901,0.6013890504837036,0.6554522514343262,-0.062353331595659256,d
0.7220752239227295,0.7770348787307739,-9.21516942753442e-08,0.6608840823173523,0.7328357696533203,0.0072726234793663025,0.6296079754829407,0.6886727809906006,0.0004789023951161653,0.6023881435394287,0.6584683656692505,-0.014233775436878204,0.577140748500824,0.630777895450592,-0.030901698395609856,0.6811348795890808,0.589309811592102,0.0035804647486656904,0.6774784326553345,0.5159543752670288,-0.01114445086568594,0.6811001300811768,0.4684518575668335,-0.022229045629501343,0.6832424998283386,0.42769813537597656,-0.03068590722978115,0.6994061470031738,0.5946071147918701,-0.012174194678664207,0.6316550970077515,0.5808506011962891,-0.03492089733481407,0.590287446975708,0.6097163558006287,-0.047978710383176804,0.5655062794685364,0.6318109035491943,-0.05458450689911842,0.7072407603263855,0.6115379929542542,-0.028482165187597275,0.6356885433197021,0.5986360311508179,-0.051230400800704956,0.5962486267089844,0.6301449537277222,-0.05618558079004288,0.5720525979995728,0.6606469750404358,-0.055482231080532074,0.7035431861877441,0.6345096230506897,-0.04435956850647926,0.6499011516571045,0.6214651465415955,-0.062267694622278214,0.6196080446243286,0.6353939771652222,-0.0655115470290184,0.5981243848800659,0.6555547118186951,-0.06363487988710403,d
0.7174623608589172,0.7808871269226074,-1.0060132638045616e-07,0.6571419835090637,0.7365114688873291,0.005524392705410719,0.6253868341445923,0.6937612295150757,-0.001858597737737,0.5963163375854492,0.6649225354194641,-0.016638390719890594,0.5693708658218384,0.6407678127288818,-0.03335973992943764,0.6813422441482544,0.59366774559021,0.0019026894588023424,0.6757567524909973,0.5216367244720459,-0.01347290724515915,0.6785278916358948,0.47522905468940735,-0.025120854377746582,0.6802291870117188,0.4345674514770508,-0.03408686816692352,0.6994356513023376,0.5997997522354126,-0.012759065255522728,0.6290326118469238,0.5861395597457886,-0.037054479122161865,0.5881310701370239,0.6155781149864197,-0.05110151693224907,0.5646810531616211,0.6377911567687988,-0.058216460049152374,0.7061058878898621,0.617114245891571,-0.02803163044154644,0.6337530612945557,0.6035705208778381,-0.05210861936211586,0.5954312682151794,0.6350042819976807,-0.05775943025946617,0.572568416595459,0.6648632287979126,-0.057045239955186844,0.7014153003692627,0.6397520899772644,-0.042910099029541016,0.6479209065437317,0.6268152594566345,-0.061610687524080276,0.6186791658401489,0.6409450769424438,-0.06539537757635117,0.5981117486953735,0.6609193682670593,-0.0636310800909996,d
0.7202873826026917,0.7807759642601013,-9.884327312192909e-08,0.6567010879516602,0.7359645962715149,0.00778150511905551,0.6250366568565369,0.6948949694633484,0.0003983723872806877,0.5948725342750549,0.6681572794914246,-0.014909196645021439,0.5668536424636841,0.6443896293640137,-0.032189253717660904,0.6809716820716858,0.5938853621482849,0.004975064657628536,0.6733112335205078,0.5232269167900085,-0.008891978301107883,0.6757816076278687,0.47738635540008545,-0.020197145640850067,0.6774338483810425,0.43776923418045044,-0.029271332547068596,0.6991899609565735,0.600602924823761,-0.011006329208612442,0.6279656887054443,0.5861731767654419,-0.03249993175268173,0.5881797075271606,0.616287887096405,-0.04504207894206047,0.5665306448936462,0.6384730935096741,-0.05179572105407715,0.704779863357544,0.6187736988067627,-0.027602888643741608,0.6319859027862549,0.6044737696647644,-0.04819317162036896,0.5938854217529297,0.6338261961936951,-0.05231650173664093,0.5714983344078064,0.6624547839164734,-0.051868341863155365,0.6980152130126953,0.6428391337394714,-0.043952520936727524,0.6440944075584412,0.6303455829620361,-0.06009918823838234,0.6142818927764893,0.6433091759681702,-0.06302519887685776,0.5928013324737549,0.6634628772735596,-0.061545807868242264,d
0.719875693321228,0.7793401479721069,-1.0118657201019232e-07,0.6539823412895203,0.7341223955154419,0.011944812722504139,0.6240810751914978,0.6939211487770081,0.006313985213637352,0.59702467918396,0.6649255752563477,-0.008250530809164047,0.571229875087738,0.6380393505096436,-0.02510104700922966,0.6782820224761963,0.5951809287071228,0.009029267355799675,0.6729100942611694,0.5252385139465332,-0.004907245747745037,0.6768772602081299,0.47821545600891113,-0.016339613124728203,0.6788139343261719,0.4384651184082031,-0.025271635502576828,0.6972936391830444,0.600608229637146,-0.008795682340860367,0.6277862191200256,0.5857028365135193,-0.030810322612524033,0.5879632234573364,0.6157309412956238,-0.04411396011710167,0.5647685527801514,0.6396909952163696,-0.05108184367418289,0.703834056854248,0.6170909404754639,-0.02698751911520958,0.6314824223518372,0.6043500900268555,-0.04855578392744064,0.5925393104553223,0.634658932685852,-0.05387234315276146,0.5683085322380066,0.6652764081954956,-0.053805530071258545,0.6974474191665649,0.6395969390869141,-0.04443502798676491,0.6424036622047424,0.6298375725746155,-0.061597518622875214,0.6126128435134888,0.6452393531799316,-0.06529455631971359,0.590590238571167,0.6674017310142517,-0.06406737118959427,d
0.7210123538970947,0.7780221700668335,-8.80002488656828e-08,0.655126690864563,0.734978437423706,0.011894266121089458,0.6240353584289551,0.6959525346755981,0.005491363815963268,0.5965554714202881,0.6679381132125854,-0.010018521919846535,0.5704653263092041,0.6407341361045837,-0.02782498300075531,0.6790603399276733,0.594860315322876,0.0086691714823246,0.6726071238517761,0.5262869000434875,-0.0063477205112576485,0.6765467524528503,0.4781973361968994,-0.018699781969189644,0.6783084869384766,0.4382407069206238,-0.02812523953616619,0.6979255676269531,0.6004296541213989,-0.009989224374294281,0.6273221969604492,0.5849736332893372,-0.032805800437927246,0.5869608521461487,0.6149611473083496,-0.04635068029165268,0.56358802318573,0.6394121646881104,-0.05335352197289467,0.704047441482544,0.6174755096435547,-0.029117761179804802,0.6316182017326355,0.6038497090339661,-0.05142375826835632,0.5931390523910522,0.6353635787963867,-0.05636473372578621,0.5698801279067993,0.6665326356887817,-0.055766403675079346,0.697874128818512,0.6407880783081055,-0.04754491522908211,0.6428059935569763,0.6308555603027344,-0.06539728492498398,0.6136932373046875,0.6469167470932007,-0.06891778856515884,0.5927820801734924,0.6696522235870361,-0.06731846928596497,d
0.7215011119842529,0.7768487930297852,-9.382813459524186e-08,0.6545194983482361,0.7337951064109802,0.012336588464677334,0.623969554901123,0.6942498087882996,0.006814347580075264,0.5968844890594482,0.6655248999595642,-0.007757015526294708,0.5715305209159851,0.6379599571228027,-0.024568060413002968,0.6786807179450989,0.5946052670478821,0.009878958575427532,0.6720116138458252,0.5263229012489319,-0.00421424163505435,0.6753292083740234,0.47846823930740356,-0.01565500535070896,0.6762782335281372,0.4391711950302124,-0.024423426017165184,0.6972211599349976,0.5998890399932861,-0.008464155718684196,0.6269217133522034,0.5851235389709473,-0.03066275268793106,0.5865361094474792,0.6144474744796753,-0.04385153576731682,0.5626347064971924,0.6384423971176147,-0.05053649842739105,0.7034540772438049,0.6167569756507874,-0.027229662984609604,0.6306575536727905,0.6043437123298645,-0.049145348370075226,0.5920282006263733,0.6348949670791626,-0.054273977875709534,0.5681081414222717,0.6652665734291077,-0.05378304049372673,0.6974497437477112,0.6400424838066101,-0.04521244764328003,0.6414568424224854,0.6318219304084778,-0.06271583586931229,0.6119848489761353,0.6473144292831421,-0.06642065942287445,0.5905779004096985,0.6688000559806824,-0.06497564911842346,d
0.7230417728424072,0.7765663862228394,-1.0002388250995864e-07,0.6535841226577759,0.7331547141075134,0.01938854716718197,0.6243665218353271,0.694316029548645,0.015196187421679497,0.5978049635887146,0.6664952635765076,-5.587664054473862e-05,0.571828305721283,0.6378477811813354,-0.018162541091442108,0.6786419749259949,0.5951914191246033,0.01671026274561882,0.6723107099533081,0.5265999436378479,0.003566183615475893,0.6765080690383911,0.47817084193229675,-0.007760319858789444,0.6774961352348328,0.4380578398704529,-0.016897190362215042,0.6976020336151123,0.600884735584259,-0.006709517911076546,0.6262223124504089,0.5859553217887878,-0.02843613177537918,0.584998369216919,0.6145114302635193,-0.04215961694717407,0.5601717233657837,0.637207567691803,-0.04981052502989769,0.7038029432296753,0.6185203194618225,-0.030285585671663284,0.6302677989006042,0.6041736006736755,-0.052483584731817245,0.5908629894256592,0.6351243257522583,-0.05781315267086029,0.5664672255516052,0.6657191514968872,-0.05787032097578049,0.6976197361946106,0.6416608691215515,-0.05256021395325661,0.6415852904319763,0.6316964626312256,-0.07112240046262741,0.6115041971206665,0.6465073823928833,-0.0752556249499321,0.5894032716751099,0.6677615642547607,-0.07444731891155243,d
0.7227709293365479,0.7759321928024292,-8.281401164822455e-08,0.655124843120575,0.7349867820739746,0.014474453404545784,0.6252318620681763,0.6965236663818359,0.008816614747047424,0.5964391827583313,0.6703202724456787,-0.006587640848010778,0.5688472986221313,0.6436050534248352,-0.024337200447916985,0.6794571876525879,0.5944572687149048,0.012318204157054424,0.6722701787948608,0.5261214375495911,-0.0016322698211297393,0.6761159300804138,0.4778674244880676,-0.01306560356169939,0.6774764657020569,0.4383455514907837,-0.021777674555778503,0.6979565024375916,0.5988444685935974,-0.0076165590435266495,0.6253746151924133,0.585503101348877,-0.028965817764401436,0.5851618051528931,0.6158668398857117,-0.04193422198295593,0.5621886253356934,0.6395711898803711,-0.04874187335371971,0.7038640379905701,0.6152298450469971,-0.027932709082961082,0.6289127469062805,0.6026170253753662,-0.0491977296769619,0.5908820629119873,0.6348425149917603,-0.05356059595942497,0.5684545040130615,0.6661797761917114,-0.05274391546845436,0.6972709894180298,0.6376281976699829,-0.047364141792058945,0.6402560472488403,0.6285524964332581,-0.0643395483493805,0.6106851100921631,0.644483745098114,-0.06728645414113998,0.5898706912994385,0.667019784450531,-0.06540621072053909,d
0.7212225198745728,0.7752600908279419,-8.585598720856069e-08,0.6543718576431274,0.7336415648460388,0.013715211302042007,0.6246719360351562,0.6948986053466797,0.008060380816459656,0.596735954284668,0.6679344773292542,-0.0070231300778687,0.5699619054794312,0.6411777138710022,-0.02437967248260975,0.6791779398918152,0.5941262245178223,0.011079294607043266,0.6726735234260559,0.5254951119422913,-0.0031445950735360384,0.6765958666801453,0.4773585796356201,-0.014700167812407017,0.6778755187988281,0.4378431439399719,-0.023446746170520782,0.6979552507400513,0.5982965230941772,-0.00813480094075203,0.6254333257675171,0.5849443674087524,-0.02965640462934971,0.5852574706077576,0.614535391330719,-0.04243270680308342,0.5619230270385742,0.6380042433738708,-0.04907916486263275,0.704006016254425,0.6144297122955322,-0.027743874117732048,0.6287167072296143,0.6023901700973511,-0.04898589104413986,0.5911546945571899,0.6340899467468262,-0.053051479160785675,0.5687594413757324,0.6653203964233398,-0.05199829116463661,0.6975605487823486,0.6366522908210754,-0.04653452709317207,0.6399771571159363,0.6285043358802795,-0.06346764415502548,0.6105991005897522,0.6444334387779236,-0.06630424410104752,0.5898110270500183,0.6664835214614868,-0.06430024653673172,d
0.7206268310546875,0.7747880220413208,-9.585131977019046e-08,0.6531938314437866,0.7336127758026123,0.014770101755857468,0.6239094734191895,0.6950194239616394,0.008837912231683731,0.5954185128211975,0.6694612503051758,-0.006700839381664991,0.5683110356330872,0.6432915925979614,-0.024702906608581543,0.681037187576294,0.5941962599754333,0.010675393044948578,0.67259281873703,0.5248277187347412,-0.0031963675282895565,0.6760066747665405,0.47756457328796387,-0.014493593946099281,0.6767773032188416,0.4381028115749359,-0.023293985053896904,0.6991376280784607,0.5996261835098267,-0.009304800070822239,0.6250656843185425,0.582974910736084,-0.030783934518694878,0.5849894285202026,0.6137400269508362,-0.04316211864352226,0.5624039173126221,0.6379754543304443,-0.04962848499417305,0.7041747570037842,0.6169750690460205,-0.029461480677127838,0.6283855438232422,0.6007311940193176,-0.050206076353788376,0.5906804203987122,0.6327025890350342,-0.053542688488960266,0.5686913728713989,0.6634606122970581,-0.05229197442531586,0.6967751979827881,0.6398773193359375,-0.04872027039527893,0.6404211521148682,0.6276532411575317,-0.06544603407382965,0.6109523773193359,0.6428673267364502,-0.06803032010793686,0.5902588367462158,0.6641527414321899,-0.06607676297426224,d
0.7196003198623657,0.7765722274780273,-1.151540800492512e-07,0.6521326303482056,0.7334524393081665,0.018213151022791862,0.6236505508422852,0.6942676901817322,0.013618136756122112,0.5958499908447266,0.6679666042327881,-0.0018163580680266023,0.5685681700706482,0.6404560804367065,-0.020014647394418716,0.6789206862449646,0.5952565670013428,0.01620081253349781,0.6713599562644958,0.5256979465484619,0.0032479302026331425,0.6749260425567627,0.47838717699050903,-0.007851035334169865,0.6761226654052734,0.43860524892807007,-0.01681990548968315,0.6972821950912476,0.6005762815475464,-0.006512731313705444,0.625199019908905,0.5847663879394531,-0.028312427923083305,0.5840591788291931,0.6158776879310608,-0.04165305569767952,0.5606369376182556,0.6404218077659607,-0.048671603202819824,0.7027150988578796,0.6171571612358093,-0.029446110129356384,0.6284393668174744,0.6013235449790955,-0.050926025956869125,0.5892615914344788,0.6336737871170044,-0.055451326072216034,0.5664288997650146,0.6651057004928589,-0.05492061376571655,0.6958268880844116,0.6388410925865173,-0.05128864198923111,0.640055775642395,0.6276568174362183,-0.06869864463806152,0.61013263463974,0.6420730948448181,-0.07211757451295853,0.5892995595932007,0.6630233526229858,-0.07086756080389023,d
0.7206324338912964,0.7781943082809448,-1.2661891446441587e-07,0.6513425707817078,0.7329500317573547,0.028334494680166245,0.6236153841018677,0.6939575672149658,0.026228219270706177,0.596381425857544,0.6682094931602478,0.010620644316077232,0.5683304071426392,0.63889479637146,-0.00849059410393238,0.6768061518669128,0.5971499085426331,0.025506842881441116,0.670268177986145,0.5274192690849304,0.014196145348250866,0.6738163828849792,0.4801854193210602,0.003469188930466771,0.6742666363716125,0.43957895040512085,-0.006068764720112085,0.6951907873153687,0.6036838889122009,-0.0041194576770067215,0.6248258948326111,0.5859999060630798,-0.02484387904405594,0.583195149898529,0.615249514579773,-0.03886072337627411,0.5583496689796448,0.6372655034065247,-0.04733136668801308,0.7006545662879944,0.6206335425376892,-0.03350165858864784,0.6281172037124634,0.6040372848510742,-0.05452877655625343,0.5880334377288818,0.6349642276763916,-0.05980008840560913,0.5636549592018127,0.6642391085624695,-0.06079109385609627,0.6939941644668579,0.6417179107666016,-0.06107661500573158,0.6390660405158997,0.6303871273994446,-0.07853610068559647,0.6083378195762634,0.6435196399688721,-0.08270908892154694,0.5859487056732178,0.6622885465621948,-0.0830102264881134,d
0.7198362946510315,0.777679443359375,-9.690469227052745e-08,0.6523538827896118,0.7356199622154236,0.020260348916053772,0.6228819489479065,0.6961763501167297,0.016239259392023087,0.5948071479797363,0.6693622469902039,0.0008106688037514687,0.5659956932067871,0.6423147320747375,-0.017223399132490158,0.6731302738189697,0.5973527431488037,0.018840419128537178,0.6680883765220642,0.5279403328895569,0.006089439149945974,0.6719221472740173,0.4796544909477234,-0.004810408689081669,0.6728358864784241,0.4393257796764374,-0.013871630653738976,0.6918858289718628,0.6017802357673645,-0.0055200690403580666,0.6225462555885315,0.588293194770813,-0.026375317946076393,0.5824086666107178,0.6169412136077881,-0.039252374321222305,0.5586206316947937,0.6384497880935669,-0.04660722240805626,0.6986099481582642,0.617680549621582,-0.03023385815322399,0.6269459128379822,0.605765163898468,-0.0511665940284729,0.5880427956581116,0.636115312576294,-0.055519964545965195,0.564254641532898,0.6649733185768127,-0.05550998076796532,0.6936671137809753,0.6387534737586975,-0.05384030193090439,0.6385953426361084,0.6322460174560547,-0.07119624316692352,0.6084840893745422,0.6464589238166809,-0.07502144575119019,0.5867274403572083,0.6657525897026062,-0.07451044768095016,d
0.7167637348175049,0.7791581749916077,-8.791825223397609e-08,0.6492038369178772,0.7366387248039246,0.017988339066505432,0.6206795573234558,0.6961755156517029,0.013820775784552097,0.5939850211143494,0.6681600213050842,-0.0006251242011785507,0.5671542882919312,0.6409684419631958,-0.017603108659386635,0.6728310585021973,0.597927987575531,0.014318730682134628,0.6672256588935852,0.529226541519165,0.0008744836668483913,0.67140132188797,0.4808085560798645,-0.010535350069403648,0.6724516749382019,0.4403754472732544,-0.01966041512787342,0.691551923751831,0.6027332544326782,-0.0077216834761202335,0.6210388541221619,0.5891294479370117,-0.02807379513978958,0.5801284909248352,0.6150786876678467,-0.041169438511133194,0.5553054809570312,0.6356472373008728,-0.04906385391950607,0.6978549957275391,0.6194623112678528,-0.029965955764055252,0.624852180480957,0.6081289649009705,-0.050810396671295166,0.5856810212135315,0.637920081615448,-0.055968139320611954,0.5615561008453369,0.6671907305717468,-0.0565033033490181,0.6921164989471436,0.6414907574653625,-0.05105530470609665,0.6369466781616211,0.6337320804595947,-0.06857214868068695,0.6077433228492737,0.6483467221260071,-0.07271482050418854,0.5864802598953247,0.6690384745597839,-0.07229973375797272,d
0.7187330722808838,0.7804868817329407,-1.0174149167596624e-07,0.6497365832328796,0.7368165254592896,0.02107222191989422,0.6213853359222412,0.6971914768218994,0.01733868382871151,0.5941893458366394,0.6704421043395996,0.002222617855295539,0.5668623447418213,0.6430229544639587,-0.015774277970194817,0.6747549176216125,0.5997053384780884,0.018603356555104256,0.6680921912193298,0.5307040810585022,0.006139288190752268,0.6717454195022583,0.4827597141265869,-0.005068535450845957,0.6723403930664062,0.44262516498565674,-0.014316108077764511,0.6929621696472168,0.6050413846969604,-0.0055724442936480045,0.621940553188324,0.5892508625984192,-0.025983013212680817,0.5809819102287292,0.6178000569343567,-0.039657190442085266,0.5568907856941223,0.6405835747718811,-0.047721099108457565,0.6983897089958191,0.6217100024223328,-0.02976973168551922,0.6254818439483643,0.6074596643447876,-0.04983366280794144,0.5861688852310181,0.6378777623176575,-0.05497225001454353,0.5623888373374939,0.6678792834281921,-0.05565278232097626,0.6916391253471375,0.6437255144119263,-0.05268336832523346,0.6375998258590698,0.6334717869758606,-0.06911128014326096,0.6083822250366211,0.6471751928329468,-0.07293209433555603,0.5871761441230774,0.6675599217414856,-0.07257913798093796,d
0.7191025018692017,0.7810453772544861,-9.438260661909226e-08,0.6498494148254395,0.7370140552520752,0.020623821765184402,0.6215006113052368,0.6970198750495911,0.016472918912768364,0.5945107936859131,0.6698911786079407,0.0011923974379897118,0.5669573545455933,0.642562985420227,-0.016800489276647568,0.6753194332122803,0.5997128486633301,0.016751792281866074,0.6683489084243774,0.5306735634803772,0.003801607294008136,0.6720843315124512,0.4824736714363098,-0.0073847100138664246,0.6728190779685974,0.44241660833358765,-0.01643965020775795,0.6935405731201172,0.6052708625793457,-0.006966134533286095,0.6215335130691528,0.5905510187149048,-0.02712005190551281,0.5811799764633179,0.6183886528015137,-0.040131792426109314,0.5573566555976868,0.6398663520812988,-0.047924239188432693,0.6987227201461792,0.6223286390304565,-0.030656954273581505,0.6244918704032898,0.6092775464057922,-0.05013453587889671,0.5861758589744568,0.6392797231674194,-0.054475780576467514,0.5627933144569397,0.6684302091598511,-0.054896339774131775,0.6916053891181946,0.6449444890022278,-0.053130101412534714,0.6363577842712402,0.6354339122772217,-0.06904863566160202,0.6067120432853699,0.6485792994499207,-0.07246925681829453,0.5849029421806335,0.6681878566741943,-0.07197152823209763,d
0.7197139263153076,0.7813302278518677,-1.1133731447898754e-07,0.6499974727630615,0.7379122376441956,0.021813835948705673,0.6215094923973083,0.6984421014785767,0.018213916569948196,0.5940143465995789,0.6721889972686768,0.0031635502818971872,0.5661572813987732,0.644771158695221,-0.014876400120556355,0.6758641600608826,0.6000187397003174,0.018396684899926186,0.6682568192481995,0.5308361649513245,0.006038697436451912,0.671485185623169,0.48305290937423706,-0.005011239554733038,0.6719948649406433,0.4428689479827881,-0.014094124548137188,0.6939968466758728,0.6058077812194824,-0.006104002241045237,0.6224323511123657,0.590654730796814,-0.02623298019170761,0.5817275047302246,0.6197869777679443,-0.03966652601957321,0.5584240555763245,0.6430224776268005,-0.047637101262807846,0.6990710496902466,0.6230944395065308,-0.03049396723508835,0.6261120438575745,0.609636664390564,-0.050114382058382034,0.5869929790496826,0.6395944356918335,-0.05507485568523407,0.5634589195251465,0.6688068509101868,-0.05584660917520523,0.6920999884605408,0.6456487774848938,-0.053539007902145386,0.637759804725647,0.6356325149536133,-0.06962521374225616,0.6082356572151184,0.6492838263511658,-0.07321375608444214,0.5868323445320129,0.6695880889892578,-0.07279399037361145,d
0.7202978730201721,0.7812767624855042,-1.0849653619970923e-07,0.6500149965286255,0.7378491163253784,0.02255490981042385,0.6217949390411377,0.6985339522361755,0.018998345360159874,0.5940707325935364,0.6727288961410522,0.0038230421487241983,0.5654847621917725,0.646212637424469,-0.014442241750657558,0.6758655309677124,0.599800169467926,0.018665984272956848,0.6683980822563171,0.5306348204612732,0.006387950852513313,0.6716348528862,0.4828295409679413,-0.004579050932079554,0.6720795035362244,0.44275331497192383,-0.013618482276797295,0.69406658411026,0.6056196093559265,-0.0061538792215287685,0.6222700476646423,0.5906012654304504,-0.025831330567598343,0.5812715888023376,0.6196025013923645,-0.039006639271974564,0.5577245950698853,0.6424448490142822,-0.047023385763168335,0.6991025805473328,0.6231170892715454,-0.03079315833747387,0.6260193586349487,0.6096064448356628,-0.05001164227724075,0.5869064927101135,0.6394739151000977,-0.05473688617348671,0.5634450912475586,0.6686374545097351,-0.05554639548063278,0.6918649673461914,0.6458444595336914,-0.054034072905778885,0.6376010775566101,0.6356783509254456,-0.06981325149536133,0.6080650091171265,0.6494162082672119,-0.07323447614908218,0.5866803526878357,0.6698821187019348,-0.07282586395740509,d
0.7189149260520935,0.7829334139823914,-7.998279016874221e-08,0.6515234708786011,0.7400988936424255,0.013245765119791031,0.6212081909179688,0.699211835861206,0.007227040361613035,0.5922040939331055,0.6724131107330322,-0.007875078357756138,0.5628240704536438,0.6475442051887512,-0.025280887261033058,0.6759576201438904,0.5997780561447144,0.009764735586941242,0.6686272025108337,0.5309457778930664,-0.004402668680995703,0.6719905734062195,0.4828883409500122,-0.016199715435504913,0.673082172870636,0.4427276849746704,-0.025360435247421265,0.693928062915802,0.6053407192230225,-0.009262927807867527,0.6216099858283997,0.5909810066223145,-0.02992790937423706,0.5811833143234253,0.6204870939254761,-0.04266337677836418,0.5583832859992981,0.6440863013267517,-0.0499429851770401,0.6990522742271423,0.623211681842804,-0.028634360060095787,0.6253710389137268,0.609610915184021,-0.048502009361982346,0.5870692133903503,0.6388846635818481,-0.052567269653081894,0.5643537044525146,0.6673867702484131,-0.0523558035492897,0.6922760009765625,0.6473685503005981,-0.04729204252362251,0.6384447813034058,0.634896993637085,-0.06333994120359421,0.6095502972602844,0.6476038694381714,-0.0663035586476326,0.5889817476272583,0.6678703427314758,-0.06496730446815491,d
0.7180254459381104,0.7830612659454346,-8.135791063068609e-08,0.650968074798584,0.7397097945213318,0.011786440387368202,0.620537281036377,0.6992058157920837,0.005726199597120285,0.5916630029678345,0.6724187135696411,-0.008775763213634491,0.5633800029754639,0.6477246284484863,-0.025551173835992813,0.675523042678833,0.6000931859016418,0.007531274575740099,0.6675482392311096,0.5318412184715271,-0.006477807182818651,0.6705654859542847,0.4845711588859558,-0.017970990389585495,0.6712588667869568,0.4447973072528839,-0.026833949610590935,0.6931897401809692,0.6061255931854248,-0.009909640066325665,0.6206091642379761,0.5909022092819214,-0.030399566516280174,0.5806519389152527,0.619987964630127,-0.04281013086438179,0.5582606196403503,0.6438033580780029,-0.04978586733341217,0.6979690194129944,0.6244597434997559,-0.027605049312114716,0.624602735042572,0.6102336645126343,-0.047454316169023514,0.5858948826789856,0.6388481259346008,-0.05182774364948273,0.56252121925354,0.6674150228500366,-0.05166954547166824,0.6908367872238159,0.6494074463844299,-0.04456575587391853,0.6372580528259277,0.6375166177749634,-0.06032433733344078,0.6080570220947266,0.650329053401947,-0.06343679130077362,0.5868194103240967,0.670494019985199,-0.06216778606176376,d
0.7188624739646912,0.7826465964317322,-8.335424439565031e-08,0.64983069896698,0.7393412590026855,0.013585302047431469,0.6204202771186829,0.6997147798538208,0.007828837260603905,0.5924383401870728,0.6731631755828857,-0.00704346364364028,0.5641571283340454,0.6493703126907349,-0.02447129413485527,0.6750550866127014,0.6002222895622253,0.009565858170390129,0.6678917407989502,0.5324827432632446,-0.004615623038262129,0.6716839075088501,0.4846467673778534,-0.016623448580503464,0.6727540493011475,0.44434821605682373,-0.025934681296348572,0.6933601498603821,0.6059802174568176,-0.009271631948649883,0.6203208565711975,0.5925038456916809,-0.02988424152135849,0.5795100331306458,0.6224275827407837,-0.042848192155361176,0.5560024976730347,0.6462937593460083,-0.0503217987716198,0.69842529296875,0.6243252158164978,-0.028336692601442337,0.6241456866264343,0.61137855052948,-0.04832756146788597,0.5855076313018799,0.6415072679519653,-0.05281068757176399,0.5623913407325745,0.6712955832481384,-0.05274594947695732,0.6910216212272644,0.6491971611976624,-0.04657747969031334,0.6362364888191223,0.6373082399368286,-0.06264599412679672,0.6067384481430054,0.6497927308082581,-0.0657704621553421,0.5854885578155518,0.6698850393295288,-0.06451983004808426,d
0.7175672650337219,0.7832759022712708,-9.142878809598187e-08,0.6498634815216064,0.7401783466339111,0.013496442697942257,0.6196087598800659,0.6991041898727417,0.008342569693922997,0.5917919874191284,0.6714929342269897,-0.0058356705121695995,0.5641915798187256,0.6465482711791992,-0.02241070196032524,0.674122154712677,0.6002790331840515,0.009998220019042492,0.6664205193519592,0.5326688289642334,-0.00364218233153224,0.6699683666229248,0.4849809408187866,-0.01523559633642435,0.6707755923271179,0.444696843624115,-0.02431102655827999,0.6921114921569824,0.6062033176422119,-0.008915598504245281,0.6202390789985657,0.5931676626205444,-0.02988007478415966,0.5800614356994629,0.6223856210708618,-0.043519049882888794,0.5566632747650146,0.6456094980239868,-0.05123388394713402,0.6973248720169067,0.6244484782218933,-0.0279960036277771,0.6239649057388306,0.612208366394043,-0.048754218965768814,0.5855056643486023,0.6424850821495056,-0.05414466932415962,0.5619485974311829,0.671769380569458,-0.05437755584716797,0.690461277961731,0.6489076614379883,-0.0461641401052475,0.6359274387359619,0.637531042098999,-0.06282732635736465,0.6069002747535706,0.6506116390228271,-0.06635750085115433,0.5856522917747498,0.6711365580558777,-0.0651913732290268,d
0.7176538705825806,0.7834331393241882,-9.466565131788229e-08,0.649501621723175,0.738873302936554,0.015756022185087204,0.6199069023132324,0.6976310014724731,0.010964629240334034,0.5923554301261902,0.6701231002807617,-0.0034586715046316385,0.565047025680542,0.643718957901001,-0.020407071337103844,0.6734263300895691,0.6008570790290833,0.011658799834549427,0.6665804386138916,0.5329790711402893,-0.002361362800002098,0.6701292991638184,0.4853554964065552,-0.014397425577044487,0.6708623170852661,0.444845974445343,-0.023947004228830338,0.6920628547668457,0.6069062948226929,-0.008836197666823864,0.6209928393363953,0.5932391881942749,-0.0298719871789217,0.5807406306266785,0.6218884587287903,-0.043446339666843414,0.5571664571762085,0.6448281407356262,-0.05150393769145012,0.6975298523902893,0.6256976127624512,-0.029511678963899612,0.6247909665107727,0.6126034259796143,-0.050241146236658096,0.5857582688331604,0.6416444182395935,-0.055289436131715775,0.5618512630462646,0.6703245639801025,-0.055717989802360535,0.6903166770935059,0.6507967114448547,-0.049169350415468216,0.6363182067871094,0.6384421586990356,-0.06600865721702576,0.606562614440918,0.6501681804656982,-0.06970939040184021,0.5846054553985596,0.6693812012672424,-0.0690695196390152,d
0.7179791927337646,0.7840088605880737,-8.426864184229999e-08,0.6497634053230286,0.73819500207901,0.01636091247200966,0.6198902726173401,0.6976050734519958,0.011185646057128906,0.592887282371521,0.6697562336921692,-0.003776164725422859,0.5668047070503235,0.6415582299232483,-0.021155206486582756,0.6750074625015259,0.6009081602096558,0.011498650535941124,0.6687307357788086,0.5320820808410645,-0.0025404556654393673,0.6718592047691345,0.4845224618911743,-0.01435946673154831,0.6720945835113525,0.4443020820617676,-0.023776693269610405,0.6936532258987427,0.6078601479530334,-0.009458797983825207,0.6220353245735168,0.5927824974060059,-0.030583640560507774,0.5817416906356812,0.621135413646698,-0.043954651802778244,0.5583423376083374,0.6438120007514954,-0.051978908479213715,0.6987454891204834,0.626632809638977,-0.030498651787638664,0.625760555267334,0.6125339269638062,-0.0511942058801651,0.5865616798400879,0.642088770866394,-0.055796269327402115,0.5628252625465393,0.6715158820152283,-0.0560186468064785,0.6911597847938538,0.651086688041687,-0.05047006160020828,0.6368860602378845,0.6381212472915649,-0.06744997948408127,0.607431173324585,0.6509875059127808,-0.07094477117061615,0.5862137675285339,0.671028733253479,-0.07013565301895142,d
0.7171183228492737,0.7849912047386169,-8.568609644044045e-08,0.6505658030509949,0.7374427914619446,0.012987355701625347,0.6197075247764587,0.6943495273590088,0.00723247928544879,0.5936299562454224,0.6632286906242371,-0.007509111426770687,0.5703781843185425,0.6301144361495972,-0.024334555491805077,0.6744454503059387,0.6003661155700684,0.008370781317353249,0.6680236458778381,0.53246009349823,-0.006633581127971411,0.6706322431564331,0.48515188694000244,-0.018651260063052177,0.6709620356559753,0.445259153842926,-0.02792455069720745,0.6931716203689575,0.6074075102806091,-0.010753902606666088,0.6229663491249084,0.5923689007759094,-0.03310993313789368,0.5816108584403992,0.6206651329994202,-0.04639793932437897,0.5576387643814087,0.6447858810424805,-0.053922828286886215,0.6988232135772705,0.626200258731842,-0.03025468811392784,0.6271190643310547,0.6122156977653503,-0.05173105373978615,0.586782693862915,0.641350507736206,-0.05635108798742294,0.562438428401947,0.6711728572845459,-0.05626652017235756,0.6922661662101746,0.6515310406684875,-0.0489809513092041,0.6395540833473206,0.63881915807724,-0.06619294732809067,0.6103239059448242,0.6509144902229309,-0.06985985487699509,0.5894717574119568,0.6705936193466187,-0.06899523735046387,d
0.7178577184677124,0.7862206101417542,-8.871381140806989e-08,0.6509828567504883,0.7378294467926025,0.01248545479029417,0.6201147437095642,0.6948122978210449,0.006653110962361097,0.5943286418914795,0.663200318813324,-0.008019068278372288,0.5712049007415771,0.630021333694458,-0.024812299758195877,0.6765169501304626,0.600554347038269,0.008007409982383251,0.6695984601974487,0.5329053401947021,-0.006988953799009323,0.6721831560134888,0.4859088063240051,-0.019171610474586487,0.6723572611808777,0.4459538459777832,-0.028627075254917145,0.6954028606414795,0.6080191135406494,-0.01076576765626669,0.6254433989524841,0.5920498371124268,-0.03334871679544449,0.584040641784668,0.6202647686004639,-0.04693642258644104,0.5599793791770935,0.6449235081672668,-0.05462660267949104,0.7008971571922302,0.6273199319839478,-0.02991057001054287,0.6297012567520142,0.6130043268203735,-0.051759425550699234,0.5889769196510315,0.6414863467216492,-0.05679818615317345,0.5643025636672974,0.671366274356842,-0.056876521557569504,0.6938311457633972,0.6531877517700195,-0.04827296361327171,0.6411969661712646,0.6398746371269226,-0.06602463871240616,0.6117466688156128,0.6515710949897766,-0.07011426985263824,0.5906796455383301,0.671330988407135,-0.06943000853061676,d
0.7185365557670593,0.7859455943107605,-8.536987650131778e-08,0.650995671749115,0.7379513382911682,0.010948345065116882,0.6198550462722778,0.6955366730690002,0.004573193844407797,0.5934686660766602,0.6654391884803772,-0.010090316645801067,0.5695247054100037,0.6347861289978027,-0.026837380602955818,0.6788126826286316,0.6003470420837402,0.005965647287666798,0.6707833409309387,0.5331193804740906,-0.009578028693795204,0.6735605001449585,0.4862360954284668,-0.022242538630962372,0.6742022633552551,0.446362167596817,-0.03186143934726715,0.6972280740737915,0.6081820130348206,-0.011674175038933754,0.6262441873550415,0.5909703969955444,-0.034492503851652145,0.5850302577018738,0.6190110445022583,-0.04805302247405052,0.5614818930625916,0.643711507320404,-0.05557019263505936,0.7019335031509399,0.6277069449424744,-0.029703840613365173,0.6299753785133362,0.6130933165550232,-0.051858194172382355,0.5901170969009399,0.641671895980835,-0.056867294013500214,0.5662514567375183,0.6712785959243774,-0.056671950966119766,0.6942019462585449,0.6536528468132019,-0.04700245335698128,0.6410872936248779,0.6397567391395569,-0.06468888372182846,0.6122302412986755,0.6524838209152222,-0.0683135837316513,0.5917176008224487,0.6732025742530823,-0.06712014973163605,d
0.7197840213775635,0.7870606184005737,-9.381071208736103e-08,0.6526336669921875,0.7382165789604187,0.013693079352378845,0.6218582391738892,0.695436954498291,0.007978009060025215,0.5963694453239441,0.664551317691803,-0.006828008685261011,0.5727957487106323,0.6322697997093201,-0.023777512833476067,0.6792917251586914,0.6008678078651428,0.008965463377535343,0.6715601086616516,0.5333201885223389,-0.005653374828398228,0.674246609210968,0.48652076721191406,-0.017527267336845398,0.6749759316444397,0.4470162093639374,-0.026739440858364105,0.6977345943450928,0.6091774106025696,-0.010538807138800621,0.6270020604133606,0.5919049978256226,-0.03279633820056915,0.5852110981941223,0.6199617981910706,-0.04590586945414543,0.5616627931594849,0.6445148587226868,-0.05322384834289551,0.702573835849762,0.6286037564277649,-0.030337516218423843,0.6308321952819824,0.6130872368812561,-0.05180857703089714,0.5901458859443665,0.6416206359863281,-0.05642591789364815,0.5662472248077393,0.6713124513626099,-0.05629758909344673,0.6952440738677979,0.6540744304656982,-0.04926842823624611,0.642096757888794,0.6399780511856079,-0.06639864295721054,0.6127020716667175,0.6523110270500183,-0.06986076384782791,0.5922479629516602,0.672500729560852,-0.06882241368293762,d
0.7200394868850708,0.7878095507621765,-8.83818245256407e-08,0.653136134147644,0.7381859421730042,0.01229451596736908,0.6229055523872375,0.6956139802932739,0.006134978961199522,0.5970085263252258,0.6646836996078491,-0.00856922660022974,0.5723904967308044,0.6338077783584595,-0.025298085063695908,0.6804317831993103,0.6005531549453735,0.00694616325199604,0.6726973652839661,0.5326895117759705,-0.00763687351718545,0.6750696301460266,0.48581424355506897,-0.019180651754140854,0.6753653883934021,0.4462035894393921,-0.02809111401438713,0.6989691257476807,0.6089134812355042,-0.011464451439678669,0.6281325817108154,0.5924830436706543,-0.03350309655070305,0.5864877700805664,0.6200016736984253,-0.046375323086977005,0.5622797012329102,0.6440641283988953,-0.053542375564575195,0.7037641406059265,0.6286581158638,-0.030154041945934296,0.6314038038253784,0.613865852355957,-0.05163549259305,0.5905718803405762,0.6413397192955017,-0.05651388689875603,0.5654771327972412,0.6703117489814758,-0.05648403614759445,0.696153461933136,0.6546356081962585,-0.047997333109378815,0.6427384614944458,0.6406428217887878,-0.06513271480798721,0.613731324672699,0.652239978313446,-0.06872861832380295,0.5927748680114746,0.6721120476722717,-0.0677049309015274,d
0.7202385663986206,0.7881497740745544,-9.715654414321762e-08,0.6532480120658875,0.737433910369873,0.013777805492281914,0.6224133372306824,0.6956712603569031,0.008149592205882072,0.5963683128356934,0.6648416519165039,-0.006805467884987593,0.5719761252403259,0.6332978010177612,-0.023905185982584953,0.6798202991485596,0.6014531850814819,0.010194476693868637,0.672722578048706,0.5338149070739746,-0.003964786417782307,0.6750608682632446,0.48724567890167236,-0.015501721762120724,0.6752052307128906,0.44760146737098694,-0.024703292176127434,0.6987589597702026,0.6096727252006531,-0.00960038136690855,0.6288530826568604,0.5918213725090027,-0.032132357358932495,0.5874327421188354,0.6201848983764648,-0.045560501515865326,0.5637876987457275,0.6435492038726807,-0.05301537364721298,0.7041963934898376,0.6286737322807312,-0.029750628396868706,0.6331276297569275,0.6136566996574402,-0.05204329267144203,0.5919119119644165,0.642289936542511,-0.05738499015569687,0.5672305226325989,0.6714392304420471,-0.05752125382423401,0.6968701481819153,0.6537410020828247,-0.048987679183483124,0.6437181234359741,0.6411188840866089,-0.06669575721025467,0.6137527823448181,0.6535162329673767,-0.07075182348489761,0.5926915407180786,0.6729844808578491,-0.07007443159818649,d
0.7205563187599182,0.7879917621612549,-8.84123920741331e-08,0.653832197189331,0.7378899455070496,0.012346512638032436,0.6226938962936401,0.6957768797874451,0.005891062784940004,0.5968310832977295,0.6651305556297302,-0.009207618422806263,0.573043942451477,0.633273720741272,-0.026278026401996613,0.6812762022018433,0.6022263169288635,0.00661042146384716,0.6736280918121338,0.5335689187049866,-0.00865207426249981,0.6762694120407104,0.48646485805511475,-0.020619826391339302,0.6768527626991272,0.4466468393802643,-0.02976958453655243,0.7002502083778381,0.6106421947479248,-0.012111911550164223,0.6284924745559692,0.5930052399635315,-0.03482036292552948,0.5870146751403809,0.6210147142410278,-0.04779335856437683,0.5636022090911865,0.6448419690132141,-0.054948799312114716,0.7053120136260986,0.6297600269317627,-0.031147392466664314,0.6323886513710022,0.6141451001167297,-0.0530039444565773,0.5921300649642944,0.6423003077507019,-0.05741724744439125,0.5684313178062439,0.6714993715286255,-0.056989122182130814,0.6978436708450317,0.6548842787742615,-0.049384813755750656,0.6442347764968872,0.6411574482917786,-0.06659684330224991,0.6151536107063293,0.6536545753479004,-0.06993646174669266,0.5948278307914734,0.6740333437919617,-0.06868886947631836,d
0.7205954790115356,0.7879678606987,-9.717209081827605e-08,0.6550309062004089,0.7397514581680298,0.011245389468967915,0.6243726015090942,0.6965218782424927,0.005074753891676664,0.5990322828292847,0.6645566821098328,-0.00940684787929058,0.5751813650131226,0.6329265832901001,-0.02582087367773056,0.6819940805435181,0.602597177028656,0.006257280241698027,0.6740744113922119,0.5333558320999146,-0.00812995433807373,0.6760748624801636,0.4866049289703369,-0.019308114424347878,0.6764333248138428,0.44709163904190063,-0.028032585978507996,0.7007687091827393,0.6106259226799011,-0.01149168610572815,0.6290906667709351,0.5923903584480286,-0.03360898420214653,0.5876234769821167,0.620822548866272,-0.045892901718616486,0.5645107626914978,0.6448288559913635,-0.05250530317425728,0.7058714628219604,0.6295342445373535,-0.029618632048368454,0.6328208446502686,0.6129216551780701,-0.05127401649951935,0.5924422740936279,0.6413848400115967,-0.055537231266498566,0.5687363743782043,0.6708037853240967,-0.05499006062746048,0.6985056400299072,0.654580295085907,-0.04702039435505867,0.6449562907218933,0.64057457447052,-0.06432054191827774,0.6160517930984497,0.6533902883529663,-0.06783420592546463,0.5959958434104919,0.6740008592605591,-0.06668383628129959,d
0.7218410968780518,0.7905345559120178,-1.1722521975343625e-07,0.6573275327682495,0.7436866760253906,0.012085401453077793,0.6269590258598328,0.7010287046432495,0.006236267276108265,0.5993489027023315,0.670874834060669,-0.008024859242141247,0.5720917582511902,0.6438828110694885,-0.024479897692799568,0.6839674711227417,0.6041135787963867,0.006922483444213867,0.6757417917251587,0.5342673659324646,-0.006240709684789181,0.6770913600921631,0.4876458942890167,-0.017028264701366425,0.6768801808357239,0.44751161336898804,-0.02587728761136532,0.7022160291671753,0.6116564273834229,-0.011147109791636467,0.6311032176017761,0.5942369103431702,-0.03207283094525337,0.5906293988227844,0.6230481266975403,-0.044525809586048126,0.5676044225692749,0.6459333896636963,-0.05153185501694679,0.7069187164306641,0.6302968859672546,-0.029334131628274918,0.634023904800415,0.6146976351737976,-0.049666181206703186,0.5945351123809814,0.6426362991333008,-0.054297901690006256,0.5704999566078186,0.6706082820892334,-0.05447787046432495,0.6991341710090637,0.6545884013175964,-0.04673223942518234,0.644504725933075,0.6408536434173584,-0.06314952671527863,0.6153773069381714,0.6523517966270447,-0.06678895652294159,0.5945917367935181,0.671142041683197,-0.06604225933551788,d
0.7218766212463379,0.789274275302887,-1.0069094003029022e-07,0.6559627652168274,0.7399001717567444,0.013821659609675407,0.625281035900116,0.6997236609458923,0.007345944177359343,0.5981602072715759,0.6711889505386353,-0.008436826057732105,0.5723130702972412,0.642170250415802,-0.026600079610943794,0.6843298077583313,0.6038272976875305,0.009234817698597908,0.6762890219688416,0.5348310470581055,-0.004147366154938936,0.6777552366256714,0.4883354604244232,-0.01533722598105669,0.6773717999458313,0.44841235876083374,-0.024501383304595947,0.7030147314071655,0.6122432947158813,-0.01059729978442192,0.631442129611969,0.5931419730186462,-0.03215717896819115,0.590442419052124,0.6222614049911499,-0.04514407739043236,0.5677080154418945,0.645824670791626,-0.052548009902238846,0.7076644897460938,0.6314993500709534,-0.03054996207356453,0.6354304552078247,0.6139206290245056,-0.05149972811341286,0.5954843163490295,0.6431443095207214,-0.05573901906609535,0.5720857977867126,0.6728293299674988,-0.05550609901547432,0.6996593475341797,0.6561026573181152,-0.04961347579956055,0.6462374925613403,0.6405439376831055,-0.06615222990512848,0.6174341440200806,0.653149425983429,-0.06906592845916748,0.59749436378479,0.6736552119255066,-0.06775098294019699,d
0.7271091341972351,0.7910680174827576,-9.699212455416273e-08,0.6598393321037292,0.7440696954727173,0.014309251680970192,0.6288498044013977,0.7029411196708679,0.007985565811395645,0.600572943687439,0.6745137572288513,-0.007739672437310219,0.5737674236297607,0.6464584469795227,-0.02579415775835514,0.6870395541191101,0.605369508266449,0.010145501233637333,0.677129328250885,0.5361829996109009,-0.002830085577443242,0.6793462634086609,0.48923200368881226,-0.013844472356140614,0.679472804069519,0.4490931034088135,-0.022811749950051308,0.70440274477005,0.6136820316314697,-0.0099706519395113,0.6320328712463379,0.5949987173080444,-0.031176099553704262,0.5903902649879456,0.6216811537742615,-0.044895365834236145,0.5664068460464478,0.6438896059989929,-0.05290351063013077,0.7084197998046875,0.6326506733894348,-0.030105160549283028,0.6350844502449036,0.6151307821273804,-0.05072757601737976,0.5949888825416565,0.6438168883323669,-0.05592028424143791,0.5706617832183838,0.6729435920715332,-0.05647243186831474,0.7001940608024597,0.6570732593536377,-0.04928303509950638,0.6459735631942749,0.6423003077507019,-0.06530654430389404,0.6170879006385803,0.6544796824455261,-0.06848660111427307,0.5962516665458679,0.6746518611907959,-0.06754886358976364,d
0.7266272306442261,0.7918810844421387,-1.0100675496005351e-07,0.6589047312736511,0.7430959343910217,0.014699891209602356,0.6277520060539246,0.7025485634803772,0.008635011501610279,0.6009223461151123,0.6729391813278198,-0.007043031509965658,0.5750463008880615,0.6432932019233704,-0.025078531354665756,0.6866901516914368,0.6047362685203552,0.011081977747380733,0.6777199506759644,0.5369110107421875,-0.002495531225576997,0.6796740293502808,0.48973530530929565,-0.013978736475110054,0.6794036626815796,0.4496486485004425,-0.023251717910170555,0.7050368189811707,0.6120752096176147,-0.009266923181712627,0.6318846940994263,0.5963360071182251,-0.030845126137137413,0.5905689001083374,0.6258686184883118,-0.04418962821364403,0.5671728253364563,0.6503973007202148,-0.05177983641624451,0.7095866799354553,0.6310266852378845,-0.02982351928949356,0.6354453563690186,0.6171048283576965,-0.05048302933573723,0.5955930352210999,0.6465116739273071,-0.05504564940929413,0.5718506574630737,0.6765269637107849,-0.055104125291109085,0.7018002271652222,0.6562578678131104,-0.04951327666640282,0.6464364528656006,0.644479513168335,-0.06619647890329361,0.6168491244316101,0.6573517322540283,-0.06971529871225357,0.5958036780357361,0.6777462959289551,-0.06881774961948395,d
0.7278239130973816,0.7920235991477966,-1.0658862237278299e-07,0.6599248051643372,0.7431087493896484,0.017591940239071846,0.6284824013710022,0.7019394636154175,0.012671810574829578,0.6017516255378723,0.6721692681312561,-0.0026274812407791615,0.5762910842895508,0.6417911052703857,-0.02039644494652748,0.6869521737098694,0.6060192584991455,0.014270505867898464,0.6783804893493652,0.5373435020446777,0.0018564230995252728,0.6804795861244202,0.4905933141708374,-0.008652802556753159,0.6804178357124329,0.4506254494190216,-0.017388207837939262,0.7052807211875916,0.6136874556541443,-0.007814589887857437,0.6329699754714966,0.5963084101676941,-0.028434433043003082,0.5913389325141907,0.6242806315422058,-0.041491031646728516,0.5679564476013184,0.6466459631919861,-0.04913605749607086,0.7100071907043457,0.6322847008705139,-0.029972219839692116,0.6367114186286926,0.6171491146087646,-0.05020967870950699,0.5962586402893066,0.646405816078186,-0.05493994802236557,0.5722292065620422,0.6757165193557739,-0.05533831566572189,0.7023643255233765,0.6564203500747681,-0.05102863162755966,0.6476483941078186,0.6440854072570801,-0.06735031306743622,0.6180973649024963,0.65723717212677,-0.07083967328071594,0.5971936583518982,0.6779181957244873,-0.07015112787485123,d
0.729035496711731,0.7908600568771362,-1.1059253068879116e-07,0.6612334251403809,0.7431885004043579,0.019274279475212097,0.6295619010925293,0.7041358947753906,0.014121721498668194,0.6015433073043823,0.6777551770210266,-0.001958726206794381,0.5745288133621216,0.6487975120544434,-0.020685086026787758,0.6877029538154602,0.6060110926628113,0.015057655051350594,0.6789126992225647,0.5373758673667908,0.002247391501441598,0.6808443665504456,0.49051767587661743,-0.008640832267701626,0.6804825067520142,0.45047637820243835,-0.017704365774989128,0.7064769268035889,0.6139047145843506,-0.008394978009164333,0.6338291764259338,0.5973942279815674,-0.029519634321331978,0.5923017263412476,0.6256777048110962,-0.04299627244472504,0.5689609050750732,0.6479832530021667,-0.05106162652373314,0.7114995121955872,0.63227379322052,-0.03183823078870773,0.637981116771698,0.618721604347229,-0.05225181579589844,0.5978348851203918,0.6479435563087463,-0.05717719718813896,0.5742658972740173,0.6769610643386841,-0.05792347341775894,0.7040725946426392,0.6554920077323914,-0.05408739671111107,0.6484562158584595,0.6463606953620911,-0.07053538411855698,0.6184379458427429,0.6594409346580505,-0.07443030923604965,0.5973449945449829,0.6787261962890625,-0.07424018532037735,d
0.7284055948257446,0.7904200553894043,-9.642918996632943e-08,0.662019670009613,0.7437447309494019,0.01345424447208643,0.6299143433570862,0.7036132216453552,0.006591012701392174,0.6020361185073853,0.6754178404808044,-0.009559650905430317,0.5759334564208984,0.6459198594093323,-0.027909250929951668,0.6890827417373657,0.6052762866020203,0.009137967601418495,0.6793636083602905,0.536687970161438,-0.004962759558111429,0.6812203526496887,0.4897496998310089,-0.01621267944574356,0.6811508536338806,0.44993025064468384,-0.025035452097654343,0.7077783346176147,0.6130028963088989,-0.010570693761110306,0.634361207485199,0.5965202450752258,-0.032775528728961945,0.5933918952941895,0.6256449222564697,-0.045830875635147095,0.5705146193504333,0.6496443152427673,-0.05296006798744202,0.7126094102859497,0.6317434310913086,-0.030520232394337654,0.6383306980133057,0.6174914836883545,-0.05186895653605461,0.5986179113388062,0.6472779512405396,-0.05612165480852127,0.575160026550293,0.6768832206726074,-0.05563806742429733,0.704942524433136,0.6563130617141724,-0.04960321635007858,0.6494607925415039,0.6445744633674622,-0.06649032980203629,0.6203528046607971,0.6578353643417358,-0.06963963061571121,0.6000011563301086,0.6778009533882141,-0.06825247406959534,d
0.7278679609298706,0.790427565574646,-1.0222678525906304e-07,0.6613682508468628,0.7424647808074951,0.012850722298026085,0.6289364695549011,0.7016595602035522,0.005906038451939821,0.6013156771659851,0.6729010939598083,-0.010238995775580406,0.5765189528465271,0.6422011256217957,-0.028505215421319008,0.6896043419837952,0.6046726703643799,0.008629587478935719,0.6800536513328552,0.5370365381240845,-0.005652535241097212,0.6820393800735474,0.4903668165206909,-0.017283035442233086,0.6821423172950745,0.4505946934223175,-0.02650321274995804,0.708034098148346,0.612915575504303,-0.010905321687459946,0.6344983577728271,0.595416784286499,-0.033035311847925186,0.5930874347686768,0.6240429282188416,-0.04625927284359932,0.5701199173927307,0.6464639902114868,-0.05368984490633011,0.7126407027244568,0.6318331360816956,-0.030743105337023735,0.6387654542922974,0.6157301664352417,-0.05200142040848732,0.5991798639297485,0.6454885005950928,-0.05611637979745865,0.5762388706207275,0.6747434735298157,-0.05565906688570976,0.7046995162963867,0.6565103530883789,-0.04984999820590019,0.6501007080078125,0.6429818272590637,-0.06667255610227585,0.6203411221504211,0.65517657995224,-0.06986094266176224,0.5995388031005859,0.6747223138809204,-0.06860991567373276,d
0.7283974289894104,0.7914732694625854,-9.934687739132642e-08,0.6621415019035339,0.7433010339736938,0.011861102655529976,0.6296485662460327,0.7013445496559143,0.005101337563246489,0.602156400680542,0.6713955402374268,-0.01041586697101593,0.5772401690483093,0.6410548686981201,-0.02793576568365097,0.6889377236366272,0.6054467558860779,0.007540066260844469,0.6802803874015808,0.5367650985717773,-0.0063665444031357765,0.6823910474777222,0.48990243673324585,-0.017778022214770317,0.6824902296066284,0.4500972330570221,-0.02695445530116558,0.7075714468955994,0.613880455493927,-0.011181413196027279,0.6360852718353271,0.5970448851585388,-0.0332491397857666,0.5944194793701172,0.6245421767234802,-0.04671506956219673,0.5706978440284729,0.6464162468910217,-0.054356418550014496,0.7124961018562317,0.6328679919242859,-0.03018238954246044,0.6400600075721741,0.6170848608016968,-0.05140877142548561,0.6000933647155762,0.6450564861297607,-0.0562032125890255,0.576310932636261,0.6733084917068481,-0.05628504604101181,0.704988956451416,0.6576852798461914,-0.04849271848797798,0.650768518447876,0.6439892649650574,-0.06541530042886734,0.6208356022834778,0.6549702882766724,-0.06911381334066391,0.5996599793434143,0.6736783385276794,-0.06827037781476974,d
0.7283883690834045,0.792088508605957,-1.1469819582998753e-07,0.6609684228897095,0.7421035170555115,0.014884036034345627,0.6296381950378418,0.6999073624610901,0.008997946977615356,0.6042639017105103,0.6680952906608582,-0.006443341262638569,0.5814278721809387,0.63544100522995,-0.02411278523504734,0.6898877620697021,0.6050748825073242,0.010569230653345585,0.6810752153396606,0.5377536416053772,-0.002808402990922332,0.6833244562149048,0.4909750819206238,-0.013857442885637283,0.6834926605224609,0.45114240050315857,-0.022802595049142838,0.7085998058319092,0.6133633852005005,-0.009830504655838013,0.6353908777236938,0.597530722618103,-0.03159857541322708,0.5940889120101929,0.6261229515075684,-0.044939249753952026,0.5708348155021667,0.6493945717811584,-0.052471600472927094,0.7132891416549683,0.6325306296348572,-0.030310049653053284,0.6388370394706726,0.6172536611557007,-0.05157465487718582,0.5991719365119934,0.6473202705383301,-0.05611531063914299,0.575930655002594,0.6772661209106445,-0.05596226826310158,0.7055162191390991,0.6571383476257324,-0.04982031509280205,0.6500058770179749,0.6431111097335815,-0.06733494251966476,0.6203538775444031,0.6557137370109558,-0.07096078991889954,0.5996019840240479,0.676051914691925,-0.06991686671972275,d
0.7288721203804016,0.7916691303253174,-9.476814000208833e-08,0.6629353761672974,0.7442743182182312,0.01069924607872963,0.6311473250389099,0.7039384245872498,0.003286512102931738,0.6031079292297363,0.6756556034088135,-0.01282857358455658,0.5761164426803589,0.6485708951950073,-0.031036188825964928,0.6905727982521057,0.6058162450790405,0.007363138720393181,0.6813185214996338,0.5382832288742065,-0.006159895099699497,0.682587742805481,0.4923461079597473,-0.017292240634560585,0.6819568276405334,0.4532017707824707,-0.02635626494884491,0.7086843848228455,0.6134511232376099,-0.010849012061953545,0.6363839507102966,0.5978059768676758,-0.03317909687757492,0.5961347818374634,0.6272755861282349,-0.046871718019247055,0.5735957622528076,0.6497380137443542,-0.05434304475784302,0.7133639454841614,0.632215678691864,-0.02939317375421524,0.6400334239006042,0.617741048336029,-0.05102566257119179,0.600775420665741,0.6471685171127319,-0.05625549331307411,0.5774286389350891,0.6761227250099182,-0.056318845599889755,0.7057955861091614,0.656875729560852,-0.04729277268052101,0.6515779495239258,0.6428002119064331,-0.06420177966356277,0.6221754550933838,0.6544274687767029,-0.06782492995262146,0.6013572216033936,0.6738573908805847,-0.0668194442987442,d
0.7315897941589355,0.7928116321563721,-1.0494635205304803e-07,0.6650896072387695,0.7457937598228455,0.013812593184411526,0.6333703398704529,0.7048931121826172,0.007232057396322489,0.6055134534835815,0.676220715045929,-0.008869047276675701,0.5793993473052979,0.6469952464103699,-0.02723488211631775,0.6915231943130493,0.6076244115829468,0.010084308683872223,0.6829729080200195,0.5392171144485474,-0.0030750033911317587,0.6848253607749939,0.49258527159690857,-0.013923216611146927,0.684685468673706,0.45279985666275024,-0.022840971127152443,0.7094546556472778,0.6158633828163147,-0.010201847180724144,0.6373919248580933,0.5993663668632507,-0.03224974870681763,0.5959259271621704,0.6280749440193176,-0.04601747915148735,0.5726509690284729,0.6511378884315491,-0.053835902363061905,0.7140154838562012,0.6350051760673523,-0.030632875859737396,0.6411105990409851,0.6184114813804626,-0.052229832857847214,0.6006167531013489,0.647529125213623,-0.057449620217084885,0.5764716863632202,0.6765545606613159,-0.05777762085199356,0.706352174282074,0.6594625115394592,-0.05012700334191322,0.6522828340530396,0.644119918346405,-0.06739156693220139,0.6229168772697449,0.6559974551200867,-0.0709809735417366,0.6021944284439087,0.6756913661956787,-0.07007460296154022,d
0.731757640838623,0.7929461598396301,-9.788730181981009e-08,0.6654525399208069,0.7464399337768555,0.01309239398688078,0.6338196992874146,0.7057848572731018,0.006094407755881548,0.605450451374054,0.6782607436180115,-0.010032224468886852,0.5781607627868652,0.6508091688156128,-0.028420204296708107,0.693183422088623,0.6079559922218323,0.007996044121682644,0.684927761554718,0.5399956107139587,-0.006175247952342033,0.6870232820510864,0.4934151768684387,-0.017578136175870895,0.6870982646942139,0.4539448022842407,-0.026618540287017822,0.7114925384521484,0.6158923506736755,-0.011626161634922028,0.6387126445770264,0.5994502305984497,-0.03369772434234619,0.5975546836853027,0.6286007761955261,-0.046867724508047104,0.5745356678962708,0.65203458070755,-0.05429540574550629,0.7160953283309937,0.6354957818984985,-0.031417448073625565,0.6421175003051758,0.6192469000816345,-0.05291616544127464,0.6023120880126953,0.6483739614486694,-0.057149093598127365,0.5789073705673218,0.6771786212921143,-0.05675294250249863,0.7081586122512817,0.6605759859085083,-0.050319187343120575,0.6532418727874756,0.645190954208374,-0.06740499287843704,0.623711109161377,0.6565203666687012,-0.0703677237033844,0.6031274795532227,0.6753471493721008,-0.06892970204353333,d
0.7322726845741272,0.794277548789978,-1.0935445970972069e-07,0.6659131646156311,0.7475501894950867,0.013331010937690735,0.6348852515220642,0.7069090008735657,0.006848648656159639,0.6075032353401184,0.6786056756973267,-0.008903122507035732,0.5808095335960388,0.6513686776161194,-0.026975572109222412,0.6946072578430176,0.6086940765380859,0.009326905012130737,0.686529278755188,0.5412111878395081,-0.004314953461289406,0.6886494159698486,0.4947918653488159,-0.015661083161830902,0.6886149644851685,0.4554673433303833,-0.024819266051054,0.7127665281295776,0.6162523031234741,-0.010382778011262417,0.6400113701820374,0.599789023399353,-0.03220038115978241,0.59905606508255,0.6290878057479858,-0.04554179310798645,0.5761666297912598,0.6523887515068054,-0.052982304245233536,0.7174215912818909,0.6352953314781189,-0.030275696888566017,0.643117368221283,0.6190319657325745,-0.05178920552134514,0.6035603284835815,0.6486145853996277,-0.05633227154612541,0.5802544951438904,0.677696704864502,-0.056029319763183594,0.7095977067947388,0.6599090695381165,-0.04928680136799812,0.6532696485519409,0.6459165811538696,-0.06669872999191284,0.6232815980911255,0.6578130722045898,-0.06997896730899811,0.6024019122123718,0.6770119667053223,-0.06862972676753998,d
0.735141396522522,0.795132040977478,-1.245851990461233e-07,0.6682770848274231,0.74929279088974,0.015296991914510727,0.6383205056190491,0.7092326879501343,0.009214259684085846,0.6104118227958679,0.6812918782234192,-0.006575035396963358,0.5824583768844604,0.6548364758491516,-0.024892142042517662,0.6973541378974915,0.6105611324310303,0.011157616041600704,0.6879154443740845,0.5419784784317017,-0.001689710421487689,0.6897509694099426,0.4953831732273102,-0.01265749242156744,0.689642071723938,0.4556366205215454,-0.02167954295873642,0.7150824069976807,0.6175653338432312,-0.009416455402970314,0.6407138705253601,0.6012547612190247,-0.030006907880306244,0.5999031066894531,0.6303926706314087,-0.042803168296813965,0.5774109363555908,0.6530195474624634,-0.05012768134474754,0.719327449798584,0.6361218690872192,-0.030005624517798424,0.6435982584953308,0.6198881268501282,-0.04976789280772209,0.6044928431510925,0.6489449739456177,-0.053650226444005966,0.5814520716667175,0.6772671937942505,-0.05348490923643112,0.7114404439926147,0.6604006886482239,-0.04968014732003212,0.6541668176651001,0.6479999423027039,-0.06567395478487015,0.6241326332092285,0.660436749458313,-0.06845847517251968,0.6028936505317688,0.6798938512802124,-0.06713522225618362,d
0.7337067127227783,0.7954230308532715,-1.0360174229617769e-07,0.667499840259552,0.7471203804016113,0.01299402303993702,0.636563777923584,0.7063081860542297,0.00685834651812911,0.6098250150680542,0.6773090362548828,-0.008226010948419571,0.5845468044281006,0.6480920314788818,-0.02540207840502262,0.6953432559967041,0.6099663376808167,0.008864675648510456,0.687251627445221,0.5420774221420288,-0.004809470847249031,0.6888206601142883,0.49563688039779663,-0.015700923278927803,0.6886533498764038,0.45634669065475464,-0.0243118517100811,0.7138826251029968,0.6178112626075745,-0.010133310221135616,0.6427303552627563,0.6003865003585815,-0.031582389026880264,0.6024311184883118,0.6280216574668884,-0.043866101652383804,0.5800932049751282,0.6500676274299622,-0.05047210305929184,0.7188758850097656,0.636709451675415,-0.029440393671393394,0.6459367275238037,0.6211725473403931,-0.05062653869390488,0.6055356860160828,0.6487959623336792,-0.05492439121007919,0.58130943775177,0.6762326955795288,-0.0544244721531868,0.7117497324943542,0.6613338589668274,-0.04789649695158005,0.6564110517501831,0.6481170058250427,-0.06484297662973404,0.6266731023788452,0.659903347492218,-0.06806036829948425,0.6056990623474121,0.6784029603004456,-0.06665131449699402,d
0.7344987988471985,0.7990617752075195,-1.1964911550421675e-07,0.668249249458313,0.7496201992034912,0.012480110861361027,0.6366992592811584,0.7063479423522949,0.006719596218317747,0.6107388138771057,0.6744145154953003,-0.007843348197638988,0.5875300168991089,0.6422958374023438,-0.024257495999336243,0.6973211169242859,0.6110708713531494,0.008817097172141075,0.6881463527679443,0.543563961982727,-0.004746874328702688,0.6894681453704834,0.4969455599784851,-0.015596923418343067,0.6889253258705139,0.4573467969894409,-0.02424386888742447,0.7151191234588623,0.6185159087181091,-0.0099372873082757,0.6428811550140381,0.6009226441383362,-0.03144016116857529,0.6027863025665283,0.6287966966629028,-0.043932363390922546,0.5804492235183716,0.6512603759765625,-0.05056319758296013,0.7196544408798218,0.6371315717697144,-0.029000382870435715,0.6451032757759094,0.6212631464004517,-0.05035732686519623,0.6051216721534729,0.6498546004295349,-0.054710473865270615,0.5811576247215271,0.6781204342842102,-0.05409567803144455,0.7122184038162231,0.6621789932250977,-0.04726800695061684,0.6556614637374878,0.6485835909843445,-0.06461422145366669,0.6253582239151001,0.6598484516143799,-0.06809293478727341,0.603820264339447,0.6785149574279785,-0.06675378233194351,d
0.7346943020820618,0.8001708984375,-1.1236087971155939e-07,0.6698315739631653,0.7507599592208862,0.010735362768173218,0.6374605894088745,0.7086869478225708,0.0035971873439848423,0.6096906661987305,0.6790792942047119,-0.012059739790856838,0.5842066407203674,0.6489661335945129,-0.02948601543903351,0.6987624764442444,0.6127037405967712,0.006998115219175816,0.6879525780677795,0.5450048446655273,-0.007403734140098095,0.6890232563018799,0.49892473220825195,-0.01853550784289837,0.6888174414634705,0.4595012366771698,-0.0271571334451437,0.7164275646209717,0.6199822425842285,-0.011138548143208027,0.6432502269744873,0.6020615100860596,-0.03345886990427971,0.6026062965393066,0.6299290060997009,-0.046049151569604874,0.5801371932029724,0.6513568162918091,-0.052543316036462784,0.7209270000457764,0.6376947164535522,-0.029760094359517097,0.6459155082702637,0.621932864189148,-0.051413267850875854,0.6055879592895508,0.6509847044944763,-0.0554564893245697,0.5817009210586548,0.67910236120224,-0.054541055113077164,0.713763415813446,0.6613337397575378,-0.04777210205793381,0.6567157506942749,0.649612307548523,-0.06446363776922226,0.6268011331558228,0.6620276570320129,-0.0672716423869133,0.6059631109237671,0.6808016300201416,-0.06549052894115448,d
0.7344716787338257,0.7974611520767212,-1.0007671846778976e-07,0.6695355176925659,0.7507900595664978,0.008880304172635078,0.6377906799316406,0.7102519869804382,0.0013662391575053334,0.6093825101852417,0.6822591423988342,-0.0141494981944561,0.5821654200553894,0.6554223299026489,-0.03143675997853279,0.697478711605072,0.6123692989349365,0.005436978302896023,0.6883320212364197,0.5443068146705627,-0.008479093201458454,0.6894935965538025,0.4985865354537964,-0.019171293824911118,0.6890993714332581,0.4602740406990051,-0.027510125190019608,0.7149066925048828,0.619066596031189,-0.011116725392639637,0.6424210071563721,0.6031875610351562,-0.03279216215014458,0.6025348901748657,0.6315701603889465,-0.04485788941383362,0.5807998180389404,0.6530892848968506,-0.05098709464073181,0.7196270823478699,0.6367654204368591,-0.028174448758363724,0.6451343297958374,0.6222569346427917,-0.049124788492918015,0.6063172817230225,0.6500398516654968,-0.05298434942960739,0.5833713412284851,0.6770055890083313,-0.05201450735330582,0.7127240300178528,0.6607760787010193,-0.04479161649942398,0.656592607498169,0.6505922079086304,-0.060824330896139145,0.6279870271682739,0.6635348796844482,-0.06339000910520554,0.6083206534385681,0.6828820109367371,-0.06141166016459465,d
0.7327973246574402,0.7983709573745728,-1.165303373795723e-07,0.6671864986419678,0.7488577961921692,0.01377164851874113,0.6359743475914001,0.7075637578964233,0.007735769264400005,0.6089850068092346,0.6787858605384827,-0.007654430344700813,0.5844452381134033,0.6480019092559814,-0.02503214403986931,0.6973258852958679,0.6126725673675537,0.01071095746010542,0.6872114539146423,0.5457087159156799,-0.002921887207776308,0.6883893609046936,0.49972641468048096,-0.013682035729289055,0.6879346370697021,0.4608309268951416,-0.022125542163848877,0.7150447964668274,0.6201949119567871,-0.009136754088103771,0.642828106880188,0.6007640957832336,-0.03063954971730709,0.6024907827377319,0.6282830834388733,-0.04284252971410751,0.5804357528686523,0.650152862071991,-0.04923998564481735,0.7194996476173401,0.6382865309715271,-0.029369870200753212,0.6453174352645874,0.6215330958366394,-0.05056965351104736,0.6058002710342407,0.6508946418762207,-0.05427167937159538,0.5828741788864136,0.6793469786643982,-0.05323711782693863,0.7119218707084656,0.6621640920639038,-0.04878287389874458,0.6552493572235107,0.6501909494400024,-0.0653349906206131,0.6259615421295166,0.6631302237510681,-0.0679612010717392,0.6060383319854736,0.6824297904968262,-0.06615136563777924,d
