0.8375658988952637,0.9364690184593201,-8.516676786030075e-08,0.7824960947036743,0.8481160402297974,0.032441455870866776,0.7661900520324707,0.7614441514015198,0.03394479304552078,0.7503206729888916,0.7064405083656311,0.02109193615615368,0.7319906949996948,0.6498205065727234,0.00241819117218256,0.8422240018844604,0.6923159956932068,0.014295005239546299,0.860572874546051,0.5881556272506714,-0.004684714134782553,0.8707509636878967,0.5190869569778442,-0.02530108205974102,0.8728331327438354,0.4633435606956482,-0.04412849247455597,0.8623806238174438,0.7140532732009888,-0.02775736153125763,0.8628880381584167,0.6228961944580078,-0.06545036286115646,0.8267927765846252,0.5880467891693115,-0.09569195657968521,0.7887782454490662,0.5813326239585876,-0.11561871320009232,0.8760694265365601,0.7463749051094055,-0.06884706020355225,0.885549008846283,0.657758355140686,-0.10453393310308456,0.8462588787078857,0.6156485676765442,-0.1288985162973404,0.8073342442512512,0.6061903238296509,-0.14389705657958984,0.8859940767288208,0.7842798829078674,-0.10701201856136322,0.8929840922355652,0.7088356614112854,-0.13812969624996185,0.8715672492980957,0.6697627902030945,-0.15624329447746277,0.8470982313156128,0.6592881083488464,-0.1692601591348648,d
0.8159331679344177,0.9089902639389038,1.8528855116883847e-09,0.7647850513458252,0.8256840109825134,0.025299331173300743,0.7468075752258301,0.7364473342895508,0.030900679528713226,0.7276943922042847,0.6818066835403442,0.024681471288204193,0.7090291380882263,0.6320537328720093,0.015350601635873318,0.8170868158340454,0.6586179733276367,0.028767690062522888,0.833177387714386,0.5613735914230347,0.018236756324768066,0.841030478477478,0.4970340132713318,0.005736487917602062,0.8420128226280212,0.4447692930698395,-0.0063554877415299416,0.8379943370819092,0.6765178442001343,-0.0025784436147660017,0.8440786004066467,0.5819459557533264,-0.027462085708975792,0.8124522566795349,0.5402476787567139,-0.047408442944288254,0.7780705690383911,0.5264900922775269,-0.05912688747048378,0.8519574999809265,0.7046897411346436,-0.0346386693418026,0.8535674810409546,0.616643488407135,-0.060180727392435074,0.8084114193916321,0.5818211436271667,-0.07582894712686539,0.7670954465866089,0.5721638202667236,-0.08355095237493515,0.8585204482078552,0.7366887331008911,-0.06492079794406891,0.8501507043838501,0.6674946546554565,-0.08723742514848709,0.8181475400924683,0.6341959834098816,-0.09882219135761261,0.7871144413948059,0.621344804763794,-0.10564694553613663,d
0.7991465926170349,0.8854885697364807,-8.26993584723823e-08,0.748615026473999,0.8059101104736328,0.012128574773669243,0.7266353368759155,0.7161928415298462,0.014191686175763607,0.7065610885620117,0.6625904440879822,0.007383541204035282,0.688545823097229,0.61548912525177,-0.0009939614683389664,0.8010896444320679,0.638716459274292,0.020024070516228676,0.8143081068992615,0.5407732725143433,0.00842374749481678,0.8187927603721619,0.4786919355392456,-0.0036234697327017784,0.817842960357666,0.42662495374679565,-0.014639376662671566,0.8192152976989746,0.6553643345832825,-0.0021592597477138042,0.8135408759117126,0.565029501914978,-0.02980920299887657,0.770337700843811,0.5389429330825806,-0.04861270263791084,0.7299235463142395,0.5400424003601074,-0.05719324201345444,0.8308343291282654,0.6804856061935425,-0.025846468284726143,0.8268734812736511,0.5952524542808533,-0.051193732768297195,0.7795767784118652,0.5638173222541809,-0.06462989747524261,0.7380168437957764,0.558236837387085,-0.06918861716985703,0.8354116678237915,0.7098866701126099,-0.04909191280603409,0.8268595337867737,0.6423763632774353,-0.06942728161811829,0.7942108511924744,0.611413836479187,-0.07921045273542404,0.7623966932296753,0.6027910113334656,-0.08342509716749191,d
0.7836923599243164,0.8624516129493713,-7.606282537153675e-08,0.7322005033493042,0.7827133536338806,0.0047828033566474915,0.7099345922470093,0.6962059140205383,0.004098142962902784,0.6893624067306519,0.644007682800293,-0.004232839681208134,0.6709516644477844,0.5988373756408691,-0.013300320133566856,0.7828301787376404,0.6181403398513794,0.016339123249053955,0.7976869344711304,0.5234618782997131,0.004305437207221985,0.7985377907752991,0.4653390049934387,-0.00723256403580308,0.7950482368469238,0.41557908058166504,-0.017566850408911705,0.7998867034912109,0.6342645287513733,-0.0014666429487988353,0.7882875204086304,0.5463535785675049,-0.029732881113886833,0.7409991025924683,0.5320104360580444,-0.04769553616642952,0.700737476348877,0.5424585342407227,-0.05470854789018631,0.8106873631477356,0.6600505709648132,-0.021124470978975296,0.801101565361023,0.5774704813957214,-0.04624959081411362,0.7525122761726379,0.5580498576164246,-0.05686741694808006,0.7126333713531494,0.5614933967590332,-0.058546241372823715,0.814348578453064,0.6924871206283569,-0.04108153656125069,0.8026279211044312,0.628822386264801,-0.05906427651643753,0.7702380418777466,0.6053483486175537,-0.06549324840307236,0.7408556342124939,0.6036648154258728,-0.0665932223200798,d
0.769943118095398,0.8461318016052246,-1.0073941325572378e-07,0.7187623977661133,0.7713301181793213,0.002241622656583786,0.6937978863716125,0.6852094531059265,0.0013479187618941069,0.6723734140396118,0.6324986219406128,-0.006442559417337179,0.6529982686042786,0.590164303779602,-0.01459175068885088,0.7665083408355713,0.6065877676010132,0.014006740413606167,0.7817249894142151,0.5132843255996704,0.0029269892256706953,0.7799060344696045,0.45817989110946655,-0.006693119648844004,0.7737123966217041,0.41097307205200195,-0.015445421449840069,0.7826622128486633,0.621820330619812,-0.0015966332284733653,0.7630583643913269,0.5359079241752625,-0.02688397280871868,0.7139018774032593,0.5268685817718506,-0.041955310851335526,0.6750696897506714,0.5411823391914368,-0.047578226774930954,0.7928135395050049,0.646053671836853,-0.019237400963902473,0.777045726776123,0.5656629204750061,-0.043072767555713654,0.7273198366165161,0.5531846880912781,-0.05182576924562454,0.6896305084228516,0.5614563822746277,-0.05249448120594025,0.7963933944702148,0.6758083701133728,-0.03727588430047035,0.7808740139007568,0.6146768927574158,-0.05402091145515442,0.7474523186683655,0.5987843871116638,-0.058993447571992874,0.7202472686767578,0.6042767763137817,-0.0591188445687294,d
0.7561612725257874,0.8329890370368958,-1.1241785102811264e-07,0.7054295539855957,0.7588679790496826,0.002813854021951556,0.6808872818946838,0.6772481203079224,0.0011665548663586378,0.6602028608322144,0.6234839558601379,-0.00822899304330349,0.6403704881668091,0.5806493759155273,-0.017931118607521057,0.7504345178604126,0.6022412180900574,0.015418902970850468,0.7674812078475952,0.5072939991950989,0.0030270784627646208,0.7650012373924255,0.4530148208141327,-0.0067821950651705265,0.7591429352760315,0.40661925077438354,-0.015397636219859123,0.7669368982315063,0.6169575452804565,-0.001010488485917449,0.7432193160057068,0.5304850339889526,-0.02886338345706463,0.69089674949646,0.5316256880760193,-0.04462750256061554,0.6556782126426697,0.5535801649093628,-0.05014215037226677,0.7770736217498779,0.6397217512130737,-0.019547365605831146,0.7572770118713379,0.5569220781326294,-0.046112701296806335,0.7057103514671326,0.5575562119483948,-0.05482828617095947,0.6729954481124878,0.5781157612800598,-0.054590124636888504,0.7806732058525085,0.6669941544532776,-0.03835552930831909,0.7617017030715942,0.6047418117523193,-0.056827858090400696,0.725685715675354,0.5980297327041626,-0.06176608055830002,0.7011007070541382,0.6147156953811646,-0.06130193918943405,d
0.7454422116279602,0.8241912722587585,-1.3569946588631865e-07,0.6929764747619629,0.7515456676483154,0.0034927220549434423,0.6682031750679016,0.6720187664031982,0.0004044178349431604,0.6460044980049133,0.6188405752182007,-0.011205690912902355,0.6219735145568848,0.5790295600891113,-0.02378813363611698,0.7372665405273438,0.5952710509300232,0.014889908954501152,0.7537052631378174,0.5047552585601807,-0.00015760725364089012,0.7510846853256226,0.4496590197086334,-0.012651044875383377,0.7451618313789368,0.40331923961639404,-0.02312494069337845,0.7546496987342834,0.6080324649810791,-0.002901998348534107,0.7240736484527588,0.5276445746421814,-0.03449995815753937,0.6685436367988586,0.5380203723907471,-0.051871124655008316,0.633470892906189,0.5683943033218384,-0.05779474228620529,0.7649789452552795,0.6300904154777527,-0.02287091314792633,0.7374327182769775,0.5507174730300903,-0.052859336137771606,0.683223307132721,0.5617572665214539,-0.06131211668252945,0.6518880724906921,0.5910726189613342,-0.0600324347615242,0.7677370309829712,0.6576519012451172,-0.043054476380348206,0.7451983690261841,0.596149206161499,-0.06386227160692215,0.7064457535743713,0.5979586839675903,-0.06821539998054504,0.6820454597473145,0.6228257417678833,-0.06678728759288788,d
0.7386014461517334,0.8177061080932617,-1.4438205653277691e-07,0.6838588714599609,0.7523073554039001,0.0010426449589431286,0.6568567156791687,0.6783472895622253,-0.002983566839247942,0.6346079707145691,0.6304103136062622,-0.014981341548264027,0.6112457513809204,0.5950579047203064,-0.02811967208981514,0.7274198532104492,0.5924690961837769,0.011774934828281403,0.7411159873008728,0.5041518807411194,-0.0029996163211762905,0.7399373650550842,0.44932857155799866,-0.015667736530303955,0.735169529914856,0.40293455123901367,-0.026587799191474915,0.742847204208374,0.6041122674942017,-0.004226516466587782,0.70340895652771,0.5334612727165222,-0.035223159939050674,0.6495611667633057,0.5483903288841248,-0.05381901562213898,0.6157760620117188,0.5775800943374634,-0.06136344000697136,0.7520974278450012,0.6251084804534912,-0.022252855822443962,0.7198640704154968,0.5537723302841187,-0.053312838077545166,0.6672923564910889,0.5694517493247986,-0.06354580074548721,0.6355829238891602,0.5989627838134766,-0.06371580064296722,0.7543574571609497,0.6524581909179688,-0.04041890799999237,0.7301138043403625,0.5969974994659424,-0.0632602795958519,0.6919353604316711,0.6037915349006653,-0.06879153102636337,0.6662510633468628,0.6292879581451416,-0.06800086051225662,d
0.7303621172904968,0.816949725151062,-1.6855481987931853e-07,0.6777213215827942,0.7540627717971802,-0.0003644432872533798,0.6490251421928406,0.6837596297264099,-0.006944987457245588,0.6226628422737122,0.6389544606208801,-0.020885994657874107,0.594874382019043,0.6066024899482727,-0.03664098680019379,0.724916398525238,0.5904848575592041,0.004106428939849138,0.7279002070426941,0.5051120519638062,-0.01252271793782711,0.7269988059997559,0.4501747488975525,-0.02619349956512451,0.7228995561599731,0.4041123390197754,-0.03759291395545006,0.7434347867965698,0.6014835834503174,-0.011188571341335773,0.6805971264839172,0.5432538390159607,-0.04153691604733467,0.6235091090202332,0.5638759136199951,-0.059217579662799835,0.5880414843559265,0.5929002165794373,-0.06741552799940109,0.7528654932975769,0.6236691474914551,-0.028254227712750435,0.6975699067115784,0.5622348785400391,-0.06066083535552025,0.6437774300575256,0.5838942527770996,-0.06967906653881073,0.6117843389511108,0.6159547567367554,-0.06940164417028427,0.7521944642066956,0.651498019695282,-0.045294348150491714,0.7143905162811279,0.6005454659461975,-0.07044833898544312,0.676071286201477,0.6123502254486084,-0.07538767158985138,0.6504230499267578,0.6409760117530823,-0.07380407303571701,d
0.729031503200531,0.8206773996353149,-2.1646286540999427e-07,0.6688849925994873,0.7544100880622864,0.0013808432267978787,0.638731062412262,0.6886255145072937,-0.004007609095424414,0.6158902049064636,0.6478047370910645,-0.017298607155680656,0.5988807678222656,0.6162760853767395,-0.03246355056762695,0.7108024954795837,0.5924432873725891,0.0075769382528960705,0.7100029587745667,0.5089374780654907,-0.008745829574763775,0.7101300954818726,0.45550379157066345,-0.02188919112086296,0.7072276473045349,0.4104663133621216,-0.03239889442920685,0.7299748659133911,0.6020115613937378,-0.007933132350444794,0.6637367010116577,0.5524182319641113,-0.040917202830314636,0.6064633727073669,0.5823847055435181,-0.059443455189466476,0.5713202357292175,0.6187034249305725,-0.06634088605642319,0.7403988838195801,0.6233034133911133,-0.02516855299472809,0.6770802736282349,0.5720300078392029,-0.05993734300136566,0.6241896748542786,0.6015971899032593,-0.07015304267406464,0.5935391783714294,0.6403697729110718,-0.06869230419397354,0.7398790717124939,0.6508462429046631,-0.042108386754989624,0.6949955821037292,0.6074345111846924,-0.06786385923624039,0.6570161581039429,0.6219978928565979,-0.07290951907634735,0.6325453519821167,0.6531586050987244,-0.07018428295850754,d
0.7305315732955933,0.8266231417655945,-1.9938475759317953e-07,0.6659496426582336,0.7604399919509888,0.00845103245228529,0.633191704750061,0.6967068910598755,0.0033816127106547356,0.6045774221420288,0.6583333015441895,-0.011447778902947903,0.5789144039154053,0.6254265308380127,-0.028442757204174995,0.7058471441268921,0.5977029204368591,0.01364162191748619,0.7005810737609863,0.514265775680542,-0.0011031925678253174,0.7022982239723206,0.4608524441719055,-0.01325728464871645,0.7017303109169006,0.4155992269515991,-0.023475224152207375,0.7264986634254456,0.607328474521637,-0.006661076098680496,0.6560854911804199,0.5641781091690063,-0.0360119566321373,0.6021003127098083,0.5926951169967651,-0.05296176299452782,0.5702031850814819,0.6237440705299377,-0.06046343222260475,0.7367153763771057,0.6297144293785095,-0.02844182401895523,0.6681703329086304,0.5834922790527344,-0.05951390415430069,0.6164460182189941,0.6128632426261902,-0.06780651956796646,0.5872112512588501,0.648688793182373,-0.06692826002836227,0.7343138456344604,0.6580440998077393,-0.04965505748987198,0.6842040419578552,0.6164231896400452,-0.07392964512109756,0.6469531059265137,0.6305865049362183,-0.07856620103120804,0.6234646439552307,0.6594536304473877,-0.07650882005691528,d
0.7240393757820129,0.8315157294273376,-1.8401119916688913e-07,0.6596550345420837,0.7679624557495117,0.007716294843703508,0.6271671056747437,0.7044597268104553,0.0023075006902217865,0.5990874767303467,0.6630958914756775,-0.012683370150625706,0.571749210357666,0.6273777484893799,-0.029578782618045807,0.6962430477142334,0.6045293211936951,0.013791144825518131,0.6939504742622375,0.5213031768798828,-0.0013832420809194446,0.6974641680717468,0.46838492155075073,-0.013482841663062572,0.6989585161209106,0.423919677734375,-0.023258551955223083,0.7169362306594849,0.6135056018829346,-0.005723848938941956,0.6483302712440491,0.571201503276825,-0.03500715270638466,0.5959187150001526,0.6014432907104492,-0.05068390816450119,0.5656219124794006,0.6335036754608154,-0.05687016248703003,0.7274995446205139,0.6341586112976074,-0.026882192119956017,0.6599000692367554,0.5898812413215637,-0.05761638283729553,0.6106063723564148,0.6211425065994263,-0.06409643590450287,0.5836957693099976,0.6581383943557739,-0.06170883774757385,0.7262225151062012,0.6605134606361389,-0.04765818268060684,0.6770148873329163,0.6220498085021973,-0.07171382009983063,0.6416751742362976,0.6393129229545593,-0.0753837302327156,0.6201212406158447,0.6702508926391602,-0.07229390740394592,d
0.7192744612693787,0.8344537019729614,-1.6487777543261473e-07,0.6569935083389282,0.7711653709411621,0.004061756189912558,0.6209744811058044,0.7094186544418335,-0.003178073326125741,0.5909152030944824,0.6655943989753723,-0.01904670149087906,0.5676358342170715,0.6227896809577942,-0.03618129342794418,0.6896145939826965,0.6083642840385437,0.009655187837779522,0.6862841844558716,0.5271780490875244,-0.00636164890602231,0.6894558072090149,0.4758397340774536,-0.01890721172094345,0.6908197999000549,0.4322597086429596,-0.02883422002196312,0.711798906326294,0.6182864308357239,-0.008023042231798172,0.6434736847877502,0.5784811973571777,-0.03796905279159546,0.5940961837768555,0.6086165904998779,-0.054268304258584976,0.5663543939590454,0.639886200428009,-0.060802146792411804,0.7229978442192078,0.6387172937393188,-0.027462197467684746,0.6552908420562744,0.5990568995475769,-0.0590108260512352,0.60788494348526,0.6299845576286316,-0.06595359742641449,0.582351803779602,0.666923463344574,-0.06354179233312607,0.7215750813484192,0.665350615978241,-0.04673413187265396,0.6706699728965759,0.628747284412384,-0.07127923518419266,0.636748731136322,0.6462152600288391,-0.07542073726654053,0.616342306137085,0.6778926849365234,-0.07238614559173584,d
0.7226220965385437,0.8413324356079102,-1.893219661042167e-07,0.6561625003814697,0.7765869498252869,0.009316558949649334,0.6194373369216919,0.7162579894065857,0.00306273577734828,0.5884074568748474,0.6740632653236389,-0.013283709064126015,0.5632952451705933,0.6311793327331543,-0.03131562098860741,0.6884185671806335,0.6152619123458862,0.015659498050808907,0.6826565861701965,0.5356482267379761,0.0012402801075950265,0.6850482225418091,0.4845163822174072,-0.010554966516792774,0.6857109665870667,0.44090110063552856,-0.020279714837670326,0.710646390914917,0.6242846846580505,-0.005143932066857815,0.6393157243728638,0.5875711441040039,-0.032772209495306015,0.5896109938621521,0.6165542006492615,-0.048248134553432465,0.5618063807487488,0.6455956101417542,-0.05502685531973839,0.7217165231704712,0.6438437104225159,-0.027494516223669052,0.6498785614967346,0.6063442826271057,-0.05672052502632141,0.6036838889122009,0.6384829878807068,-0.06233563646674156,0.5797455906867981,0.6757130026817322,-0.06000492349267006,0.7200179696083069,0.6689605116844177,-0.049444545060396194,0.6636735796928406,0.6338319778442383,-0.07288828492164612,0.6300320625305176,0.6532097458839417,-0.07607383280992508,0.6108551621437073,0.6856297254562378,-0.07284615933895111,d
0.7168387770652771,0.8429661989212036,-1.2516929359662754e-07,0.6511080265045166,0.7823739051818848,0.00326095730997622,0.6122041344642639,0.7238644361495972,-0.006560919806361198,0.5804054141044617,0.6808022260665894,-0.02498486451804638,0.5603542923927307,0.6335999965667725,-0.0443057157099247,0.6837053298950195,0.6190477609634399,0.009487849660217762,0.6789132952690125,0.5403905510902405,-0.006164327263832092,0.6817275881767273,0.4896884262561798,-0.018076371401548386,0.6835688948631287,0.4472286105155945,-0.027491683140397072,0.705445408821106,0.6285567283630371,-0.00784003734588623,0.6336926221847534,0.5925591588020325,-0.03446723148226738,0.5872400999069214,0.6249443888664246,-0.04752527177333832,0.5641618967056274,0.6539778709411621,-0.0527874231338501,0.7151883244514465,0.6482136845588684,-0.02719554305076599,0.6438400745391846,0.6089897751808167,-0.05568120256066322,0.5989167094230652,0.641664445400238,-0.058502066880464554,0.5771510004997253,0.6780998110771179,-0.05445074290037155,0.7117007374763489,0.6738366484642029,-0.04668334126472473,0.6569545269012451,0.6376885175704956,-0.06921117007732391,0.6251443028450012,0.6576486825942993,-0.0706113874912262,0.6085177659988403,0.6907639503479004,-0.06608801335096359,d
0.7162616848945618,0.8447751998901367,-1.4729577912930836e-07,0.6493301391601562,0.7831238508224487,0.009879089891910553,0.6102632284164429,0.7279013395309448,0.002223490970209241,0.578429102897644,0.6868215799331665,-0.016087107360363007,0.5562098622322083,0.6406671404838562,-0.03600343316793442,0.6787927150726318,0.6239924430847168,0.017353961244225502,0.6737780570983887,0.5459331274032593,0.0021910162176936865,0.6774716973304749,0.4950517416000366,-0.010425630956888199,0.6790152192115784,0.4519304037094116,-0.020615043118596077,0.7012255191802979,0.6320275664329529,-0.004338792059570551,0.6295534372329712,0.5983893275260925,-0.031929511576890945,0.582909107208252,0.6293045282363892,-0.04769231751561165,0.557891309261322,0.6587234735488892,-0.0547933429479599,0.7115925550460815,0.6496602892875671,-0.027751903980970383,0.6408230066299438,0.6164644956588745,-0.05694006383419037,0.5956830978393555,0.6499522924423218,-0.062044497579336166,0.5717086791992188,0.6877866387367249,-0.05945258215069771,0.7089494466781616,0.6732640266418457,-0.050808802247047424,0.652474045753479,0.6438765525817871,-0.07373013347387314,0.618887722492218,0.6631004214286804,-0.07654187828302383,0.5984514951705933,0.6944091320037842,-0.07313840836286545,d
0.7163103818893433,0.8493598103523254,-1.215662592812805e-07,0.6469709277153015,0.7890021800994873,0.011874105781316757,0.6093192100524902,0.7342149019241333,0.0039260052144527435,0.5756697058677673,0.6975351572036743,-0.015119274146854877,0.5474027991294861,0.6577831506729126,-0.036088425666093826,0.677029550075531,0.6276529431343079,0.017791088670492172,0.669421911239624,0.5501993894577026,0.0033420443069189787,0.673404335975647,0.49868661165237427,-0.009043949656188488,0.675094723701477,0.45525920391082764,-0.019239958375692368,0.6984512209892273,0.6355286240577698,-0.005156709346920252,0.6233285665512085,0.6056891083717346,-0.031158503144979477,0.5773293375968933,0.6368811130523682,-0.04646855220198631,0.5531994700431824,0.664054811000824,-0.053794775158166885,0.7080134749412537,0.65469890832901,-0.0295626912266016,0.633760929107666,0.6220840811729431,-0.05678325146436691,0.5876118540763855,0.6555903553962708,-0.061549510806798935,0.5630642771720886,0.6920704245567322,-0.059490323066711426,0.7046924829483032,0.6802207827568054,-0.05352441966533661,0.6475496292114258,0.6496238708496094,-0.07535546272993088,0.613538920879364,0.6675217151641846,-0.07803232222795486,0.5928912162780762,0.6978670954704285,-0.074936643242836,d
0.7115587592124939,0.853459894657135,-1.2346400524165801e-07,0.6444143652915955,0.7937052249908447,0.009852745570242405,0.6059771776199341,0.7373111844062805,0.002201410476118326,0.5730703473091125,0.7005244493484497,-0.015418976545333862,0.5437578558921814,0.6641220450401306,-0.03475398197770119,0.6720170974731445,0.6319697499275208,0.011967877857387066,0.6648817658424377,0.5554988384246826,-0.0031607698183506727,0.6689866781234741,0.5053561329841614,-0.015050222165882587,0.6714782118797302,0.4618392586708069,-0.024561669677495956,0.6933965086936951,0.6406362652778625,-0.008874846622347832,0.6208825707435608,0.6113133430480957,-0.03431088104844093,0.5756075978279114,0.6427094340324402,-0.04799019545316696,0.5519216656684875,0.6695029735565186,-0.054376181215047836,0.7032265067100525,0.6609581112861633,-0.031060323119163513,0.6304975152015686,0.6294344067573547,-0.05774671956896782,0.5839858055114746,0.6613060832023621,-0.06224777176976204,0.5590274930000305,0.6956189274787903,-0.06021811440587044,0.700625479221344,0.6871917247772217,-0.05281874164938927,0.6462075710296631,0.6549130082130432,-0.0743192583322525,0.6113288998603821,0.6689194440841675,-0.07735075056552887,0.5892431139945984,0.6951959133148193,-0.07465427368879318,d
0.7159765958786011,0.8555791974067688,-1.3757811245795892e-07,0.6450281739234924,0.7975426912307739,0.014896493405103683,0.608518123626709,0.7436638474464417,0.008761933073401451,0.5749672651290894,0.708351194858551,-0.00875145848840475,0.5439479947090149,0.673604428768158,-0.028408290818333626,0.6725894808769226,0.6382492184638977,0.019853273406624794,0.662018895149231,0.5604983568191528,0.006975606083869934,0.6650614738464355,0.5100376605987549,-0.0039099352434277534,0.6670920848846436,0.4665200710296631,-0.012975231744349003,0.6922630071640015,0.6439915299415588,-0.0034007267095148563,0.6161969304084778,0.6171342134475708,-0.02686574123799801,0.5708423256874084,0.6487729549407959,-0.041123632341623306,0.5478712916374207,0.6756384968757629,-0.04822954535484314,0.7003347277641296,0.6611714363098145,-0.027739206328988075,0.6244551539421082,0.6316466331481934,-0.052092790603637695,0.5780130624771118,0.6640872359275818,-0.05713357776403427,0.5529165267944336,0.6986526250839233,-0.056283868849277496,0.6959050893783569,0.6841703057289124,-0.051346201449632645,0.6372655034065247,0.6571367979049683,-0.07065104693174362,0.6029503345489502,0.6752597689628601,-0.07318316400051117,0.5814899206161499,0.704170823097229,-0.07074528187513351,d
0.7147278785705566,0.8535885214805603,-1.1489825624266814e-07,0.6403522491455078,0.796168327331543,0.024799548089504242,0.6057164669036865,0.7471507787704468,0.021508175879716873,0.5727967023849487,0.7146337032318115,0.003921722527593374,0.5398160219192505,0.6817463636398315,-0.01649448089301586,0.6691480875015259,0.6406611204147339,0.03481663018465042,0.66038578748703,0.564619779586792,0.02553020976483822,0.6628051400184631,0.5141823291778564,0.016570646315813065,0.6632564067840576,0.47116994857788086,0.008394365198910236,0.6897832155227661,0.643828809261322,0.005599788390100002,0.6142255663871765,0.6163029670715332,-0.014262549579143524,0.5700452327728271,0.6476588249206543,-0.027381720021367073,0.5483748316764832,0.6762374043464661,-0.03418698534369469,0.6978343725204468,0.6584577560424805,-0.02463340014219284,0.6226001977920532,0.6324982643127441,-0.04588418826460838,0.5779374837875366,0.6655871868133545,-0.04980739951133728,0.5550011396408081,0.7003427743911743,-0.04888011887669563,0.6934136748313904,0.6787669658660889,-0.05369920656085014,0.6364632248878479,0.6579645872116089,-0.07023762166500092,0.6038200855255127,0.6757959723472595,-0.07190293073654175,0.5844480991363525,0.7026671171188354,-0.06964088976383209,d
0.7152948975563049,0.8526430130004883,-1.115675658525106e-07,0.6401283144950867,0.7975120544433594,0.02989712916314602,0.6061679124832153,0.7482451796531677,0.027968989685177803,0.5741394758224487,0.7163055539131165,0.010084803216159344,0.5397109389305115,0.6831685900688171,-0.011089980602264404,0.6649715304374695,0.6435990929603577,0.03823317587375641,0.6580905318260193,0.5669788122177124,0.02751259319484234,0.6614417433738708,0.5153814554214478,0.017333853989839554,0.6620447635650635,0.4716205894947052,0.007929504849016666,0.6857900619506836,0.6466823816299438,0.004225463140755892,0.6120861172676086,0.6151108145713806,-0.018634874373674393,0.5662020444869995,0.6449233293533325,-0.033953551203012466,0.541752815246582,0.672795832157135,-0.04215195029973984,0.6946812868118286,0.6613218188285828,-0.03072788007557392,0.6212021708488464,0.6321555972099304,-0.055657997727394104,0.5744428038597107,0.6648122668266296,-0.061573393642902374,0.5487582087516785,0.6993087530136108,-0.06155029311776161,0.6914199590682983,0.6825190782546997,-0.06410245597362518,0.6360982656478882,0.6588285565376282,-0.08455225825309753,0.6006316542625427,0.6737171411514282,-0.08894211053848267,0.5774984955787659,0.6980027556419373,-0.08867280185222626,d
0.7125875949859619,0.8510717749595642,-8.492458647424428e-08,0.6389569640159607,0.7997006177902222,0.024308275431394577,0.6037905216217041,0.7503305077552795,0.022276081144809723,0.5712190270423889,0.7184981107711792,0.006207347847521305,0.5374042391777039,0.689024806022644,-0.012638467364013195,0.6639606952667236,0.6441665887832642,0.03536828234791756,0.6580615639686584,0.5662698745727539,0.02474534884095192,0.6618329286575317,0.5148077011108398,0.014355530962347984,0.6629540324211121,0.4720494747161865,0.005524192471057177,0.6840846538543701,0.6461408138275146,0.006530731916427612,0.611278235912323,0.6138477921485901,-0.014896017499268055,0.5671349763870239,0.6436130404472351,-0.030434168875217438,0.5446004271507263,0.6733630895614624,-0.038521260023117065,0.6925303936004639,0.6599401235580444,-0.023407526314258575,0.6198110580444336,0.6290870904922485,-0.046264633536338806,0.5748242735862732,0.6608266830444336,-0.05274500325322151,0.5515506267547607,0.6962124705314636,-0.05278009548783302,0.6893944144248962,0.6806527972221375,-0.052068889141082764,0.6346872448921204,0.6545705795288086,-0.06976877897977829,0.6005094051361084,0.6687886714935303,-0.07321713119745255,0.5796990394592285,0.6934374570846558,-0.07200674712657928,d
0.7170155048370361,0.8536006212234497,-1.0090369073623151e-07,0.6411539316177368,0.8018487691879272,0.03701735660433769,0.6068563461303711,0.7516539692878723,0.03743366524577141,0.5747708678245544,0.7227325439453125,0.02005201391875744,0.5385758876800537,0.6912962794303894,-0.0014280523173511028,0.6651860475540161,0.6467908620834351,0.04670942947268486,0.6575636267662048,0.568817138671875,0.037506408989429474,0.6607070565223694,0.5169568061828613,0.027295002713799477,0.661382794380188,0.4738609790802002,0.017678024247288704,0.6845184564590454,0.6503323316574097,0.008242694661021233,0.6121986508369446,0.6148927211761475,-0.013416738249361515,0.5657228231430054,0.643802285194397,-0.03068644180893898,0.5417537093162537,0.6734437942504883,-0.04049885272979736,0.6925265789031982,0.6648775935173035,-0.03069233149290085,0.6209313273429871,0.6289981603622437,-0.0545010082423687,0.5742018222808838,0.6608330011367798,-0.06186966970562935,0.5500771999359131,0.6960274577140808,-0.06309285759925842,0.689288318157196,0.6863228678703308,-0.0674309954047203,0.6364308595657349,0.6536275744438171,-0.08632864058017731,0.6018053293228149,0.6668329834938049,-0.09021712839603424,0.5804681181907654,0.6920779347419739,-0.09014036506414413,d
0.7137387990951538,0.852878212928772,-9.253467680991889e-08,0.638906717300415,0.7987848520278931,0.033352289348840714,0.6033758521080017,0.7465032935142517,0.0360851027071476,0.5717827081680298,0.7121295928955078,0.021955981850624084,0.5376126766204834,0.6812930107116699,0.00451523344963789,0.663328230381012,0.6461099982261658,0.05235320329666138,0.657105565071106,0.5683246850967407,0.04586920142173767,0.6595771908760071,0.5174752473831177,0.03718288242816925,0.6594433784484863,0.474609911441803,0.0287762563675642,0.6829476356506348,0.6472958326339722,0.017772607505321503,0.6111409068107605,0.6125619411468506,-0.002172610256820917,0.5663718581199646,0.6423546671867371,-0.01946420595049858,0.5435628294944763,0.6723273396492004,-0.0285650547593832,0.6906557679176331,0.6591736078262329,-0.017909159883856773,0.6176149845123291,0.6264621615409851,-0.04077545553445816,0.5720990300178528,0.6601336598396301,-0.049182623624801636,0.5490496754646301,0.6960443258285522,-0.05017027631402016,0.6865568161010742,0.6779118180274963,-0.051688987761735916,0.6297069787979126,0.6495140790939331,-0.06920567154884338,0.593507707118988,0.6636461615562439,-0.0734618678689003,0.5718017220497131,0.6881453990936279,-0.0731172040104866,d
0.7138107419013977,0.8527075052261353,-8.861707812002351e-08,0.6396386623382568,0.7993535995483398,0.03470783308148384,0.6060076951980591,0.7490680813789368,0.0355343297123909,0.5741094946861267,0.717703640460968,0.019071420654654503,0.5384218692779541,0.6868736743927002,-0.0010176326613873243,0.6649505496025085,0.6460309624671936,0.04984132573008537,0.657375693321228,0.5692123174667358,0.0419667549431324,0.6601665019989014,0.5179954767227173,0.0321701355278492,0.6604500412940979,0.47531670331954956,0.02287144772708416,0.6838529706001282,0.6480331420898438,0.013488009572029114,0.6116208434104919,0.6127994656562805,-0.006470703985542059,0.5656265616416931,0.640457272529602,-0.023601524531841278,0.5413205027580261,0.6691040992736816,-0.03336365520954132,0.6910263895988464,0.6607536673545837,-0.02375534363090992,0.6181474924087524,0.6263828277587891,-0.046117011457681656,0.5723894238471985,0.6584143042564392,-0.05357777699828148,0.5486262440681458,0.6933686137199402,-0.05482809618115425,0.686606228351593,0.680670440196991,-0.05911189690232277,0.6312928199768066,0.6513552665710449,-0.0765918493270874,0.5955926775932312,0.6641071438789368,-0.080427385866642,0.5732548236846924,0.6882754564285278,-0.08030655980110168,d
0.7130266427993774,0.8519535064697266,-1.0673038275399449e-07,0.6393376588821411,0.7994440197944641,0.0338253453373909,0.6052986979484558,0.7490516304969788,0.03504732623696327,0.5733786225318909,0.7174117565155029,0.01939917542040348,0.5381253957748413,0.6870468258857727,0.00017279238090850413,0.6648081541061401,0.6451588273048401,0.04899531230330467,0.6571691036224365,0.568710207939148,0.04129462316632271,0.6602337956428528,0.5175682306289673,0.031870037317276,0.6608340740203857,0.47487974166870117,0.023043576627969742,0.6839090585708618,0.6468571424484253,0.01383976824581623,0.610102653503418,0.6133991479873657,-0.006076944060623646,0.5649561882019043,0.6433109045028687,-0.022835878655314445,0.5417247414588928,0.6733523607254028,-0.031948357820510864,0.6910295486450195,0.6590590476989746,-0.02214435674250126,0.6167188882827759,0.6266332268714905,-0.0444633886218071,0.5716012120246887,0.6603664755821228,-0.05193991959095001,0.5485719442367554,0.6961520910263062,-0.0528729148209095,0.6863837838172913,0.6779944896697998,-0.056232184171676636,0.6294342279434204,0.6514073610305786,-0.07348841428756714,0.5939914584159851,0.6663531064987183,-0.0771709531545639,0.572315514087677,0.6915329098701477,-0.07666382193565369,d
0.7124752998352051,0.8506651520729065,-9.73276854665528e-08,0.6387145519256592,0.7984484434127808,0.03372717276215553,0.6050866842269897,0.7492445707321167,0.033978767693042755,0.5730758309364319,0.717956006526947,0.017345456406474113,0.5371999144554138,0.6874895691871643,-0.002902187639847398,0.6639478802680969,0.6454671621322632,0.04688926041126251,0.6570373177528381,0.5682815313339233,0.03848293051123619,0.6595925688743591,0.5180475115776062,0.02891463227570057,0.6598020792007446,0.4756428599357605,0.019960183650255203,0.6831056475639343,0.6474451422691345,0.011419233866035938,0.6105645895004272,0.6135100722312927,-0.008728577755391598,0.5636898875236511,0.6427415609359741,-0.02489512413740158,0.5392019152641296,0.6715139746665955,-0.03389502689242363,0.6901639699935913,0.6604716777801514,-0.024889061227440834,0.6172468066215515,0.6275602579116821,-0.04741370305418968,0.570704996585846,0.6607987284660339,-0.05406802520155907,0.5466840267181396,0.6957039833068848,-0.05470007658004761,0.6853243708610535,0.6804971694946289,-0.05933505669236183,0.6308204531669617,0.651813805103302,-0.07690566033124924,0.5956039428710938,0.6661027669906616,-0.08022377640008926,0.5738427639007568,0.6907743215560913,-0.07957358658313751,d
0.712790310382843,0.8505082726478577,-9.49182847875818e-08,0.6378376483917236,0.798682451248169,0.039622168987989426,0.604957103729248,0.7501093149185181,0.04150610417127609,0.5736760497093201,0.7191640734672546,0.025173436850309372,0.5379459857940674,0.6876072883605957,0.004815785679966211,0.6638383865356445,0.645869791507721,0.052435584366321564,0.6565253734588623,0.5690754652023315,0.04563063755631447,0.65921550989151,0.5184414386749268,0.03675594553351402,0.6593133807182312,0.4756946861743927,0.02804076485335827,0.683269202709198,0.6476349234580994,0.013676532544195652,0.6111785173416138,0.613542914390564,-0.004545361269265413,0.5644344687461853,0.6399190425872803,-0.02042139507830143,0.5394673347473145,0.6666228175163269,-0.029715387150645256,0.6900758147239685,0.6601957082748413,-0.02551092766225338,0.6169465184211731,0.6277416944503784,-0.04646817967295647,0.5699517130851746,0.6592267155647278,-0.05283532291650772,0.5448912382125854,0.6929056644439697,-0.053818508982658386,0.6844829320907593,0.6796318292617798,-0.062410593032836914,0.6292032599449158,0.6518666744232178,-0.07870179414749146,0.5934972763061523,0.6651942729949951,-0.08150053769350052,0.5706781148910522,0.688681960105896,-0.08091972768306732,d
0.7097089290618896,0.8487612009048462,-1.0961800001041411e-07,0.6367236375808716,0.7981102466583252,0.03682396560907364,0.6048204302787781,0.7487623691558838,0.039368994534015656,0.5747851729393005,0.7171328067779541,0.024559713900089264,0.540574848651886,0.6862606406211853,0.0060755112208426,0.6634200811386108,0.6442707777023315,0.05203038081526756,0.6561428308486938,0.5682262182235718,0.04609398916363716,0.658777117729187,0.5182352662086487,0.03796152397990227,0.6589423418045044,0.4761383533477783,0.02990691363811493,0.682077944278717,0.6459484100341797,0.015694813802838326,0.6093190908432007,0.6122558116912842,-0.0017405147664248943,0.5648807883262634,0.641117513179779,-0.01699240133166313,0.5422112941741943,0.6686283946037292,-0.02544691413640976,0.6887103915214539,0.658257782459259,-0.02121702767908573,0.6146524548530579,0.6251007318496704,-0.04170539230108261,0.570331871509552,0.6586976647377014,-0.04801691323518753,0.5480688810348511,0.6931349039077759,-0.04858637601137161,0.6833003759384155,0.6769046187400818,-0.0559869185090065,0.6262099742889404,0.6497029066085815,-0.07217846065759659,0.591573178768158,0.665561854839325,-0.07479390501976013,0.571304440498352,0.6905813813209534,-0.07366692274808884,d
0.712364137172699,0.8468254804611206,-1.1497648699787533e-07,0.6372761130332947,0.796933114528656,0.042954083532094955,0.6050590872764587,0.7491393089294434,0.04652155563235283,0.5743862390518188,0.719192385673523,0.031175952404737473,0.539154052734375,0.6874096393585205,0.01149679534137249,0.6640067100524902,0.6440516710281372,0.0556681752204895,0.6560991406440735,0.5685480833053589,0.05014016479253769,0.6586490273475647,0.5191669464111328,0.04201037064194679,0.658633828163147,0.47684749960899353,0.03359765559434891,0.6831920742988586,0.6461605429649353,0.015308867208659649,0.6103247404098511,0.6122097969055176,-0.0022987681441009045,0.563999354839325,0.6398322582244873,-0.018081191927194595,0.5398702025413513,0.6661890149116516,-0.027177412062883377,0.6895831823348999,0.6587808132171631,-0.025143856182694435,0.6156613826751709,0.6261585354804993,-0.0459333099424839,0.569974422454834,0.659004271030426,-0.05222399905323982,0.5465297698974609,0.6926012635231018,-0.05303417146205902,0.683178186416626,0.6774054765701294,-0.06296034902334213,0.6277655959129333,0.648718535900116,-0.079292893409729,0.5924043655395508,0.6640782356262207,-0.08171382546424866,0.5706172585487366,0.6891833543777466,-0.08077575266361237,d
0.7107903957366943,0.8449994325637817,-1.0750178347507244e-07,0.6357138752937317,0.7947712540626526,0.05125565454363823,0.6043154001235962,0.7482545375823975,0.05693178251385689,0.5744584202766418,0.7188477516174316,0.04161626100540161,0.5387573838233948,0.686725378036499,0.02107505314052105,0.6620825529098511,0.6442144513130188,0.06371906399726868,0.6554306745529175,0.5680471658706665,0.05985957011580467,0.6581273078918457,0.5179353356361389,0.05205446854233742,0.6577650308609009,0.4753095209598541,0.04337301105260849,0.6805137395858765,0.6478550434112549,0.018249845132231712,0.6102350354194641,0.6140058040618896,0.001536083873361349,0.5629703998565674,0.641292929649353,-0.01486939750611782,0.5378378629684448,0.6685623526573181,-0.024703120812773705,0.6861638426780701,0.6607556343078613,-0.02683539129793644,0.6154698729515076,0.6262305974960327,-0.04669547826051712,0.5701640844345093,0.6594403982162476,-0.053297944366931915,0.5473306775093079,0.693355917930603,-0.05492350459098816,0.6805846691131592,0.6781631708145142,-0.06861919164657593,0.6273818612098694,0.6490668058395386,-0.085114486515522,0.5925192832946777,0.6664425730705261,-0.08783882856369019,0.5716190338134766,0.6926911473274231,-0.08747142553329468,d
0.7096233367919922,0.8452522158622742,-1.1207771422050428e-07,0.6364886164665222,0.7951955199241638,0.04430338367819786,0.6054920554161072,0.7482478618621826,0.04815640673041344,0.5754204392433167,0.7187244296073914,0.032945629209280014,0.5397085547447205,0.6875988841056824,0.01323143020272255,0.6630070209503174,0.6448591947555542,0.05564035102725029,0.655174732208252,0.5686997175216675,0.04955573007464409,0.6570766568183899,0.5181847214698792,0.04122079536318779,0.6564323306083679,0.4759942889213562,0.03268267959356308,0.6817916631698608,0.6473456621170044,0.014292428269982338,0.6105743646621704,0.6131152510643005,-0.0038291076198220253,0.5634844303131104,0.6401126980781555,-0.019645774737000465,0.5381234884262085,0.6672949194908142,-0.02889731340110302,0.6882220506668091,0.6601994633674622,-0.02710551954805851,0.6157599687576294,0.6277691125869751,-0.04862296208739281,0.5699127316474915,0.6592348217964172,-0.055156778544187546,0.546244204044342,0.6915065050125122,-0.056216612458229065,0.6826624274253845,0.6791880130767822,-0.06567252427339554,0.6275536417961121,0.6512839198112488,-0.08312208950519562,0.5927702188491821,0.6651550531387329,-0.08633296191692352,0.5716663002967834,0.6880144476890564,-0.0860009714961052,d
0.7102380990982056,0.8429325222969055,-1.1687916412483901e-07,0.6351682543754578,0.7931045293807983,0.054972343146800995,0.60528963804245,0.7481696009635925,0.06143488734960556,0.5758370757102966,0.7201871871948242,0.04631630703806877,0.5399369597434998,0.6874661445617676,0.02568827196955681,0.6641173958778381,0.6446347236633301,0.06579198688268661,0.6560003757476807,0.5681820511817932,0.06296633929014206,0.6573818325996399,0.5187471508979797,0.05584259703755379,0.656367838382721,0.4765128195285797,0.047555677592754364,0.6818968653678894,0.6496570110321045,0.01881459914147854,0.6114783883094788,0.6128669381141663,0.0035461178049445152,0.5638572573661804,0.6413231492042542,-0.011666318401694298,0.5392206311225891,0.6687353849411011,-0.02087058313190937,0.6861723065376282,0.6630367636680603,-0.02742788754403591,0.6159098148345947,0.6270967125892639,-0.04555560275912285,0.5707340240478516,0.6607887148857117,-0.05120287463068962,0.5488383769989014,0.6937826871871948,-0.05268595740199089,0.6793056726455688,0.6799072623252869,-0.07005028426647186,0.6268665194511414,0.6511411666870117,-0.0849389135837555,0.5913623571395874,0.6675611734390259,-0.08719552308320999,0.570135772228241,0.6915482878684998,-0.08697279542684555,d
0.7107144594192505,0.8433229327201843,-1.1806969979488713e-07,0.6367643475532532,0.7943344116210938,0.05400407314300537,0.6068399548530579,0.7485592365264893,0.06024126708507538,0.5770087242126465,0.7203627228736877,0.04566838592290878,0.5406844019889832,0.6898306608200073,0.025834446772933006,0.665613055229187,0.6457073092460632,0.06343948841094971,0.6563777327537537,0.5691341161727905,0.060647908598184586,0.6576856970787048,0.5191238522529602,0.053252704441547394,0.6568151116371155,0.4768720865249634,0.04477149248123169,0.6825702786445618,0.650372326374054,0.017668962478637695,0.6121160984039307,0.6148518323898315,0.0041484893299639225,0.5647853016853333,0.6407711505889893,-0.010532586835324764,0.5398406982421875,0.6663558483123779,-0.0202943067997694,0.6864355206489563,0.6634801626205444,-0.027209024876356125,0.6155959963798523,0.6274940967559814,-0.043188419193029404,0.5710882544517517,0.6586570739746094,-0.048183172941207886,0.5493078827857971,0.6899953484535217,-0.05024203658103943,0.6793950796127319,0.6799207329750061,-0.06857894361019135,0.6256486177444458,0.6526572108268738,-0.08139006048440933,0.5910289883613586,0.6687489748001099,-0.08257363736629486,0.5706012845039368,0.6924103498458862,-0.08214626461267471,d
0.7103314995765686,0.8429791927337646,-1.1313925085687515e-07,0.6356131434440613,0.7936314344406128,0.05355151742696762,0.6057912707328796,0.7483040690422058,0.05970219522714615,0.5762754678726196,0.7203975319862366,0.04486481472849846,0.5406044125556946,0.6888054609298706,0.024794049561023712,0.6648389101028442,0.6454610824584961,0.06415731459856033,0.6562582850456238,0.5688440799713135,0.06116153299808502,0.6576434969902039,0.5192951560020447,0.05396350473165512,0.6565653681755066,0.4771561324596405,0.04576417803764343,0.6822861433029175,0.6498462557792664,0.018245160579681396,0.611384928226471,0.6139876246452332,0.0034698836971074343,0.5637902021408081,0.6409876346588135,-0.011591712944209576,0.5385704040527344,0.6676170229911804,-0.02089046500623226,0.6866165995597839,0.6628214120864868,-0.026949211955070496,0.6145461797714233,0.628311812877655,-0.04438914731144905,0.5698111653327942,0.6612741947174072,-0.04990019276738167,0.5479541420936584,0.6936320066452026,-0.05150880292057991,0.6801251173019409,0.6791766285896301,-0.06863152980804443,0.6256548166275024,0.6520405411720276,-0.08257725834846497,0.590583086013794,0.6687041521072388,-0.0842016339302063,0.5698381066322327,0.6925461292266846,-0.08361982554197311,d
0.7112443447113037,0.8438985347747803,-1.1202190819403768e-07,0.636886477470398,0.7944899797439575,0.0549137257039547,0.6072382926940918,0.7485819458961487,0.061393678188323975,0.577639639377594,0.720054030418396,0.04680470749735832,0.5415961146354675,0.689490795135498,0.026917940005660057,0.6658968329429626,0.6464443206787109,0.06418117135763168,0.6571356058120728,0.5693937540054321,0.06156003102660179,0.6588177680969238,0.5189490914344788,0.054763928055763245,0.6581493616104126,0.4765961170196533,0.04676391929388046,0.6828233599662781,0.6509718298912048,0.017880747094750404,0.6118902564048767,0.614342987537384,0.004613544326275587,0.5642367005348206,0.6401091814041138,-0.009081556461751461,0.5391334295272827,0.6657013297080994,-0.018044613301753998,0.6863786578178406,0.6643801927566528,-0.027571553364396095,0.6154747009277344,0.6273841857910156,-0.043482765555381775,0.5709506273269653,0.6589690446853638,-0.04768570140004158,0.549327552318573,0.6902253031730652,-0.04911895841360092,0.6786532998085022,0.6810563206672668,-0.06948753446340561,0.6259168982505798,0.652105450630188,-0.08263497799634933,0.5911689400672913,0.6677720546722412,-0.08383772522211075,0.5705346465110779,0.6912546753883362,-0.08335275948047638,d
0.7119235992431641,0.8444168567657471,-1.2225666523590917e-07,0.6371548175811768,0.7947965860366821,0.05436764284968376,0.6070209741592407,0.748332679271698,0.061023395508527756,0.5772090554237366,0.7197559475898743,0.047021009027957916,0.541513204574585,0.689005970954895,0.027900543063879013,0.6659917831420898,0.6459546089172363,0.06187252327799797,0.6570116281509399,0.5695499181747437,0.05893535912036896,0.6590321660041809,0.519521951675415,0.0523792989552021,0.6584452390670776,0.4773569703102112,0.044730816036462784,0.6834524273872375,0.6500528454780579,0.016483474522829056,0.610998809337616,0.6139087080955505,0.0034730257466435432,0.5637307167053223,0.640471339225769,-0.009495008736848831,0.5390157699584961,0.6662395000457764,-0.017962858080863953,0.687394380569458,0.6637844443321228,-0.02789808064699173,0.6148238778114319,0.628247857093811,-0.0437743104994297,0.5701534748077393,0.6610268354415894,-0.04761991649866104,0.5484899282455444,0.6930578947067261,-0.048641469329595566,0.6793133020401001,0.6811489462852478,-0.06869494169950485,0.6260871291160583,0.6529687643051147,-0.08187509328126907,0.5906714797019958,0.6694492697715759,-0.08304640650749207,0.5691324472427368,0.6937335133552551,-0.08233528584241867,d
0.7112097144126892,0.844283938407898,-1.251375749689032e-07,0.6368588805198669,0.7943109273910522,0.053703006356954575,0.6070570945739746,0.7482709884643555,0.060119546949863434,0.5775026082992554,0.7193411588668823,0.04600430279970169,0.5416832566261292,0.688032865524292,0.026827409863471985,0.6669750213623047,0.6457001566886902,0.06249246001243591,0.6579197645187378,0.5689003467559814,0.0596945658326149,0.6599669456481934,0.5189902782440186,0.05300552397966385,0.6592006087303162,0.476493775844574,0.045212000608444214,0.6846945881843567,0.6493392586708069,0.017655985429883003,0.6111781597137451,0.6147131323814392,0.004903489723801613,0.5642399191856384,0.6427277326583862,-0.008120550774037838,0.53965824842453,0.6690201759338379,-0.016667814925312996,0.6883794665336609,0.6625322103500366,-0.02627224661409855,0.6143227219581604,0.6281484365463257,-0.041784338653087616,0.5701095461845398,0.6620732545852661,-0.045679982751607895,0.5485526323318481,0.6942241191864014,-0.04688941314816475,0.6800162196159363,0.6793415546417236,-0.06668741255998611,0.6257219910621643,0.6529485583305359,-0.07992211729288101,0.5908515453338623,0.6700560450553894,-0.08129431307315826,0.5697764754295349,0.6941695809364319,-0.08071441203355789,d
0.712634801864624,0.8428379893302917,-1.3404802245986502e-07,0.6374893188476562,0.7925273180007935,0.05847665295004845,0.6092038154602051,0.7468698024749756,0.06678465008735657,0.5805863738059998,0.718408465385437,0.05346653610467911,0.5447894334793091,0.6880775094032288,0.03450865298509598,0.6685644388198853,0.6446235775947571,0.0676632672548294,0.6590816974639893,0.5681601762771606,0.06676781177520752,0.6603633761405945,0.5193631649017334,0.06125449389219284,0.6593279838562012,0.476826012134552,0.053913626819849014,0.6852102279663086,0.6494078636169434,0.020297328010201454,0.6125455498695374,0.6129829287528992,0.008801638148725033,0.5643212199211121,0.6401007771492004,-0.0040518916212022305,0.5388790369033813,0.6651913523674011,-0.012582066468894482,0.6878413558006287,0.6637140512466431,-0.025869054719805717,0.6156534552574158,0.6271312236785889,-0.04076579958200455,0.5707061290740967,0.6603304743766785,-0.04498142749071121,0.5487810969352722,0.6916801333427429,-0.046553872525691986,0.6786978244781494,0.6807779669761658,-0.06808274239301682,0.6265560388565063,0.6512981653213501,-0.08146681636571884,0.5914077758789062,0.6673548817634583,-0.08331054449081421,0.5698429942131042,0.6908780336380005,-0.08325619250535965,d
0.7113263010978699,0.8384684920310974,-1.1835504665214103e-07,0.6376930475234985,0.7889040112495422,0.05859692022204399,0.6086077690124512,0.7449764609336853,0.06558337062597275,0.5799003839492798,0.7180023193359375,0.05062157288193703,0.5445059537887573,0.6862717270851135,0.02987491898238659,0.6674023866653442,0.642874002456665,0.0652594119310379,0.6590749621391296,0.5665253400802612,0.06291214376688004,0.6599792838096619,0.5178959369659424,0.056385185569524765,0.6586369276046753,0.4757280945777893,0.04833061620593071,0.6829020380973816,0.6499655246734619,0.016597192734479904,0.613479733467102,0.6136534214019775,0.0033078875858336687,0.5650758147239685,0.6409740447998047,-0.01047464832663536,0.5391976833343506,0.6659641265869141,-0.019607316702604294,0.6853504776954651,0.6652618050575256,-0.03086061216890812,0.6162259578704834,0.6282605528831482,-0.04710447043180466,0.5708673000335693,0.660424530506134,-0.051847558468580246,0.5485634803771973,0.690859854221344,-0.05382588505744934,0.677496612071991,0.6821418404579163,-0.07432849705219269,0.6268414258956909,0.6520312428474426,-0.08852975815534592,0.591288685798645,0.6679124236106873,-0.0905434638261795,0.5698097348213196,0.6907035112380981,-0.09072154015302658,d
0.7137842774391174,0.841062068939209,-1.2588310482897214e-07,0.6391387581825256,0.7917158603668213,0.05350666120648384,0.6104224920272827,0.7448133230209351,0.06056324020028114,0.5816224217414856,0.7152132987976074,0.047098513692617416,0.5453122854232788,0.6840533018112183,0.028629211708903313,0.6701244711875916,0.6432097554206848,0.06459098309278488,0.6597428321838379,0.5676994919776917,0.062408000230789185,0.6599928140640259,0.518385648727417,0.055941250175237656,0.6583032608032227,0.47607168555259705,0.04821130633354187,0.6872291564941406,0.6473768353462219,0.01969139464199543,0.6144952774047852,0.6114856600761414,0.007435654290020466,0.5662511587142944,0.6388216614723206,-0.005975518375635147,0.5409156680107117,0.6651119589805603,-0.014720402657985687,0.6902467012405396,0.6609929203987122,-0.024446938186883926,0.616796612739563,0.626287579536438,-0.0394221767783165,0.5710973143577576,0.6589206457138062,-0.04318542405962944,0.5486373901367188,0.6897566318511963,-0.04425281286239624,0.6811670064926147,0.6788265705108643,-0.06519470363855362,0.6268368363380432,0.650769829750061,-0.0775538980960846,0.5913483500480652,0.6648411750793457,-0.07843222469091415,0.5697035789489746,0.6861175894737244,-0.07764298468828201,d
0.7120949625968933,0.8313323259353638,-8.816874697004096e-08,0.6380771994590759,0.7818924784660339,0.06005387008190155,0.6073773503303528,0.7394915223121643,0.06637696176767349,0.5790460109710693,0.7121532559394836,0.05021006613969803,0.545162558555603,0.6758767366409302,0.02820477820932865,0.6667330861091614,0.6400705575942993,0.06687477976083755,0.6596457958221436,0.5641534328460693,0.0653395801782608,0.6599018573760986,0.5158537030220032,0.05879256874322891,0.6579981446266174,0.4736608862876892,0.05066043883562088,0.6813441514968872,0.648672342300415,0.01730058342218399,0.6151482462882996,0.6115897297859192,0.005403063725680113,0.5667431950569153,0.6398006677627563,-0.008221885189414024,0.540477991104126,0.6639788150787354,-0.017245609313249588,0.6833510994911194,0.6636286973953247,-0.03093140199780464,0.6177948117256165,0.6256637573242188,-0.045132946223020554,0.5735119581222534,0.6578674912452698,-0.04947277903556824,0.5523138642311096,0.6887364983558655,-0.051505763083696365,0.676455557346344,0.6782641410827637,-0.07504891604185104,0.6271207332611084,0.6484238505363464,-0.08674619346857071,0.591964602470398,0.6659365296363831,-0.08743247389793396,0.5712991952896118,0.690679669380188,-0.08691854774951935,d
0.7128061652183533,0.8365080952644348,-1.2525804038432398e-07,0.6391059160232544,0.7894812822341919,0.05964783579111099,0.6099863648414612,0.7434716820716858,0.06839238852262497,0.580500066280365,0.7141411900520325,0.05583793297410011,0.5441746115684509,0.6829119324684143,0.03776082769036293,0.6705166697502136,0.6425296068191528,0.06849567592144012,0.6596717238426208,0.5673522353172302,0.06888976693153381,0.6587419509887695,0.5184921026229858,0.06318845599889755,0.6560132503509521,0.4762630760669708,0.05552064999938011,0.685949981212616,0.6475951671600342,0.02130560576915741,0.616653561592102,0.6108497977256775,0.012785114347934723,0.5681171417236328,0.6369214653968811,-9.0310990344733e-05,0.5418424010276794,0.6614750623703003,-0.009690539911389351,0.687954306602478,0.6612423062324524,-0.024288877844810486,0.6182550191879272,0.6249797344207764,-0.03483009710907936,0.5732386708259583,0.6574925184249878,-0.03853877633810043,0.5513632297515869,0.687196671962738,-0.041272908449172974,0.6795018315315247,0.6769348978996277,-0.06589477509260178,0.626859724521637,0.6490174531936646,-0.07398373633623123,0.5919401049613953,0.6655637621879578,-0.07352928817272186,0.5714903473854065,0.6882695555686951,-0.07298892736434937,d
0.7145268321037292,0.8365454077720642,-1.1034728686354356e-07,0.6399138569831848,0.7876886129379272,0.059139810502529144,0.6099168658256531,0.7432414889335632,0.06687082350254059,0.5810508728027344,0.7152707576751709,0.05284877493977547,0.5464436411857605,0.681682288646698,0.03329240903258324,0.6693328022956848,0.6429708003997803,0.06719198822975159,0.6594098210334778,0.5666633248329163,0.06622004508972168,0.6593134999275208,0.5180575251579285,0.0601889006793499,0.6572179198265076,0.4753339886665344,0.052414216101169586,0.6850337982177734,0.6492501497268677,0.018984708935022354,0.6150574088096619,0.6124654412269592,0.00812610611319542,0.5664084553718567,0.6387484669685364,-0.004989719949662685,0.5403384566307068,0.6623903512954712,-0.014045008458197117,0.6874651908874512,0.6631878018379211,-0.0279197059571743,0.617501437664032,0.6257080435752869,-0.041352830827236176,0.5718154907226562,0.6584703922271729,-0.045194678008556366,0.5497469305992126,0.688890814781189,-0.04707839712500572,0.679649293422699,0.6786006689071655,-0.07088501006364822,0.6277590990066528,0.6496418118476868,-0.08193119615316391,0.5921294093132019,0.6661075949668884,-0.08240830898284912,0.5709471702575684,0.6891959309577942,-0.08188521862030029,d
0.7136242389678955,0.8369389772415161,-1.0645432269029698e-07,0.6394938230514526,0.7884305715560913,0.05699353665113449,0.6098909974098206,0.7433173060417175,0.06415713578462601,0.580367386341095,0.7149843573570251,0.05031389370560646,0.54465651512146,0.6836495995521545,0.03121674247086048,0.6698007583618164,0.64217209815979,0.06508301943540573,0.6587839126586914,0.5667619109153748,0.06354795396327972,0.6592804789543152,0.5178034901618958,0.057231977581977844,0.6575954556465149,0.4754483997821808,0.0495990514755249,0.6858824491500854,0.6472094058990479,0.01874690316617489,0.6144384741783142,0.6122273206710815,0.008105894550681114,0.5668182969093323,0.6383390426635742,-0.004670798312872648,0.5416339039802551,0.662710428237915,-0.013475966639816761,0.6883163452148438,0.6609818935394287,-0.02629871293902397,0.6173282265663147,0.6252756118774414,-0.03909989073872566,0.572957456111908,0.6582472920417786,-0.04248365759849548,0.5516210794448853,0.6892259120941162,-0.043999720364809036,0.6796417236328125,0.676967442035675,-0.06759699434041977,0.6278682947158813,0.6493909955024719,-0.07773479074239731,0.5932349562644958,0.6659461259841919,-0.07768108695745468,0.572685956954956,0.6895390748977661,-0.07665035128593445,d
0.7145060300827026,0.8370634317398071,-1.1175516334560598e-07,0.6390652060508728,0.7877388000488281,0.05689099803566933,0.6084389090538025,0.7431146502494812,0.06282681971788406,0.5783459544181824,0.7160000205039978,0.047487400472164154,0.5433801412582397,0.6835751533508301,0.026596616953611374,0.6708621382713318,0.6422604918479919,0.061437491327524185,0.6594375967979431,0.5663344264030457,0.058757439255714417,0.6593956351280212,0.5176084637641907,0.05239931493997574,0.6571683287620544,0.47485029697418213,0.044602833688259125,0.6867658495903015,0.6488045454025269,0.014040596783161163,0.6142387986183167,0.6133057475090027,0.001640087109990418,0.5668225884437561,0.6420143842697144,-0.010621853172779083,0.5425876379013062,0.6673812866210938,-0.018865928053855896,0.6890633702278137,0.663957953453064,-0.03203330561518669,0.6176444292068481,0.6274417638778687,-0.046651728451251984,0.5731061100959778,0.6611661314964294,-0.04918557405471802,0.5519204139709473,0.6918672323226929,-0.04988149181008339,0.6806646585464478,0.6811256408691406,-0.07436561584472656,0.6285656094551086,0.6516162753105164,-0.08657857775688171,0.5931962728500366,0.6673336029052734,-0.08686001598834991,0.5719224810600281,0.690251350402832,-0.08586866408586502,d
0.7133049368858337,0.8381395936012268,-1.3229117712398875e-07,0.638701319694519,0.7889560461044312,0.05611361563205719,0.6086874008178711,0.7444008588790894,0.06257602572441101,0.5786116123199463,0.7172709107398987,0.048048533499240875,0.5436151027679443,0.6852626204490662,0.028185099363327026,0.6713618040084839,0.6431930661201477,0.06197255477309227,0.6597153544425964,0.567803680896759,0.059369880706071854,0.6591857671737671,0.5189030170440674,0.052918922156095505,0.6569886207580566,0.4763921797275543,0.0451902411878109,0.6874624490737915,0.6485860347747803,0.015443453565239906,0.6142199635505676,0.6129649877548218,0.0030421919655054808,0.5668076872825623,0.6417648792266846,-0.009417817927896976,0.5429853796958923,0.6683182716369629,-0.017675135284662247,0.6900581121444702,0.6629074215888977,-0.029814843088388443,0.6177160739898682,0.627933919429779,-0.04453666880726814,0.5736421942710876,0.6621731519699097,-0.047298580408096313,0.5531347990036011,0.6935882568359375,-0.047934163361787796,0.6816112995147705,0.6793615818023682,-0.07137958705425262,0.6284388303756714,0.651419460773468,-0.08303678780794144,0.593839168548584,0.668121874332428,-0.08287643641233444,0.573671281337738,0.6919353008270264,-0.08150425553321838,d
0.713607668876648,0.8381807804107666,-1.2920699532514845e-07,0.6386277675628662,0.7883161306381226,0.05451177433133125,0.6081264019012451,0.7434700131416321,0.06003264710307121,0.5783433318138123,0.7170538902282715,0.045150116086006165,0.5438135266304016,0.6859350800514221,0.02499283477663994,0.6715401411056519,0.6436212658882141,0.05656168609857559,0.6593554019927979,0.5680680274963379,0.0526350736618042,0.6589855551719666,0.5192676186561584,0.045702748000621796,0.6566808819770813,0.4764478802680969,0.037726424634456635,0.6874305605888367,0.649648904800415,0.010800748132169247,0.6145459413528442,0.614244818687439,-0.0022887163795530796,0.5675484538078308,0.6424919962882996,-0.013631115667521954,0.5436756610870361,0.6692262291908264,-0.021069204434752464,0.6899634003639221,0.6648303270339966,-0.033632613718509674,0.6178995370864868,0.6298283338546753,-0.04856494069099426,0.5742745399475098,0.6628788113594055,-0.04962705820798874,0.5541381239891052,0.6938529014587402,-0.04906730726361275,0.6814014315605164,0.682172417640686,-0.07458093762397766,0.6286492347717285,0.653832733631134,-0.08682852238416672,0.595400333404541,0.6695261597633362,-0.08618449419736862,0.5764599442481995,0.6933201551437378,-0.08419868350028992,d
0.7148585319519043,0.8421736359596252,-1.2913967850636254e-07,0.6390544176101685,0.7924103736877441,0.04949919879436493,0.6086438894271851,0.7457325458526611,0.05357809364795685,0.5786954760551453,0.7183185815811157,0.03856353461742401,0.5445200204849243,0.686873197555542,0.018557580187916756,0.6741943359375,0.6451916098594666,0.05208312347531319,0.66001296043396,0.569485604763031,0.047456689178943634,0.6598801016807556,0.5199812054634094,0.04021579399704933,0.6578127145767212,0.4769039750099182,0.032180435955524445,0.6911700367927551,0.6499527096748352,0.0095224529504776,0.6139402985572815,0.6141875386238098,-0.0035522240214049816,0.5667887926101685,0.6423147320747375,-0.015249502845108509,0.5431444048881531,0.6687130928039551,-0.023279258981347084,0.6937226057052612,0.6649470329284668,-0.03192024677991867,0.616909921169281,0.6301971077919006,-0.04683234170079231,0.5724694728851318,0.6636467576026917,-0.049006786197423935,0.5514143109321594,0.6951355338096619,-0.04939498379826546,0.6835971474647522,0.6835973262786865,-0.07022152096033096,0.6276190876960754,0.6560006141662598,-0.08236347138881683,0.594123363494873,0.6708361506462097,-0.08262759447097778,0.5742722749710083,0.6940778493881226,-0.08150103688240051,d
0.714066743850708,0.8429403305053711,-1.4213240717708686e-07,0.6394423246383667,0.7914802432060242,0.05546370893716812,0.6095811128616333,0.7461297512054443,0.062494028359651566,0.5803387761116028,0.7187751531600952,0.04900117218494415,0.5464483499526978,0.6864649057388306,0.030153516680002213,0.6733134984970093,0.6454824209213257,0.06024656444787979,0.6608191132545471,0.5684043765068054,0.05822966247797012,0.6608126163482666,0.5199292898178101,0.0523332804441452,0.658695638179779,0.47696930170059204,0.044866371899843216,0.6895647048950195,0.651517391204834,0.014649522490799427,0.6147653460502625,0.6161129474639893,0.0028248701710253954,0.5677157640457153,0.6432833075523376,-0.009379400871694088,0.5432848930358887,0.6682368516921997,-0.017665637657046318,0.691712498664856,0.6663410663604736,-0.029562154784798622,0.617790162563324,0.6302892565727234,-0.04432611167430878,0.5731433629989624,0.6632339954376221,-0.04735536128282547,0.5509449243545532,0.6941393613815308,-0.04814911261200905,0.6824177503585815,0.6832747459411621,-0.07006118446588516,0.6285274028778076,0.6542648077011108,-0.0826701819896698,0.5943644046783447,0.6697787046432495,-0.08336374908685684,0.5730907917022705,0.6928267478942871,-0.08238118886947632,d
0.7139814496040344,0.8428114056587219,-1.5174374823345715e-07,0.6388272643089294,0.791079044342041,0.05709643289446831,0.60866379737854,0.7462813854217529,0.06463851034641266,0.5791953802108765,0.718784511089325,0.05140380561351776,0.5455668568611145,0.6848838925361633,0.03286827355623245,0.6730082631111145,0.6455600261688232,0.06230570748448372,0.660747766494751,0.5686668753623962,0.06081515550613403,0.6608392000198364,0.5202499628067017,0.054936330765485764,0.6587900519371033,0.4770892560482025,0.04746890813112259,0.6890709400177002,0.6512385010719299,0.01626976951956749,0.6141166090965271,0.6158859133720398,0.005610590800642967,0.5674756765365601,0.6441911458969116,-0.006213043816387653,0.5437856912612915,0.6695510745048523,-0.014497444964945316,0.6909996867179871,0.6656320095062256,-0.02826545760035515,0.6168782114982605,0.6303815245628357,-0.041419222950935364,0.5732700228691101,0.6648470163345337,-0.04392300173640251,0.5526338815689087,0.6961813569068909,-0.044828061014413834,0.6816568374633789,0.6817090511322021,-0.06899013370275497,0.6271812915802002,0.6544265151023865,-0.08001744747161865,0.5928035378456116,0.6715092062950134,-0.08006499707698822,0.5720599889755249,0.6950615048408508,-0.07892803847789764,d
0.7136338353157043,0.8415452837944031,-1.3537940901642287e-07,0.6387654542922974,0.7903173565864563,0.05647753179073334,0.608151376247406,0.7455796003341675,0.06262258440256119,0.578493595123291,0.7183883786201477,0.04790446162223816,0.5441058874130249,0.6858234405517578,0.027823755517601967,0.6724846959114075,0.6454854011535645,0.05904482677578926,0.6607624888420105,0.5685167908668518,0.05606629326939583,0.6606286764144897,0.5198549628257751,0.04965142160654068,0.6584281921386719,0.476806640625,0.04190148413181305,0.6884064078330994,0.6520562171936035,0.012420699000358582,0.6146737933158875,0.6156952381134033,0.0004022716311737895,0.5675702691078186,0.6437321901321411,-0.010912430472671986,0.5435652136802673,0.6687703132629395,-0.01860920339822769,0.6905975341796875,0.6674458384513855,-0.0327506959438324,0.618220865726471,0.6314976215362549,-0.04692034795880318,0.574469268321991,0.6644341945648193,-0.04828136786818504,0.5538326501846313,0.6949470639228821,-0.04821569845080376,0.6815627813339233,0.684429407119751,-0.07421880215406418,0.6285690069198608,0.6555865406990051,-0.08605697751045227,0.5941950082778931,0.6712562441825867,-0.08561582863330841,0.5736139416694641,0.6941795945167542,-0.08396200090646744,d
0.714240312576294,0.8424285650253296,-1.3476385163357918e-07,0.6379114389419556,0.7908241748809814,0.05547519400715828,0.6083012223243713,0.7453538179397583,0.06119802966713905,0.5784919261932373,0.7183425426483154,0.04666389152407646,0.5435672402381897,0.6875380873680115,0.026688572019338608,0.6733903288841248,0.645484983921051,0.056964755058288574,0.6604569554328918,0.5695092678070068,0.05353784188628197,0.660849392414093,0.5211955904960632,0.04650412127375603,0.6591039896011353,0.4781544804573059,0.0383930429816246,0.6895909309387207,0.6517974138259888,0.01149632316082716,0.6144907474517822,0.6160128712654114,-7.607909356011078e-05,0.5673701167106628,0.6434016227722168,-0.011725228279829025,0.5430876612663269,0.6689920425415039,-0.020064663141965866,0.6918100714683533,0.6673502922058105,-0.03238397464156151,0.61788409948349,0.6313089728355408,-0.045591071248054504,0.5735583901405334,0.6640708446502686,-0.047513920813798904,0.5520455837249756,0.6947081089019775,-0.048294831067323685,0.6826033592224121,0.6848480105400085,-0.07262489944696426,0.6291204690933228,0.6568152904510498,-0.0835244283080101,0.5956798791885376,0.6723779439926147,-0.08323879539966583,0.5753633975982666,0.6954898238182068,-0.08201029896736145,d
0.7134722471237183,0.8434404134750366,-1.3080617122795957e-07,0.6383561491966248,0.7925273180007935,0.04955987259745598,0.608588457107544,0.7466962337493896,0.053788792341947556,0.5789939165115356,0.719325602054596,0.03906882181763649,0.544982373714447,0.6879881620407104,0.019466016441583633,0.6736282110214233,0.6462880969047546,0.051471464335918427,0.660559356212616,0.5693719983100891,0.04669889435172081,0.6610273122787476,0.5199180841445923,0.03969193994998932,0.6595924496650696,0.47672295570373535,0.031915754079818726,0.6906996369361877,0.6519534587860107,0.009183678776025772,0.6135324835777283,0.6163598895072937,-0.003897265763953328,0.5671423077583313,0.6441184878349304,-0.015009805560112,0.5439661741256714,0.6692875623703003,-0.02262406423687935,0.6933127641677856,0.667327344417572,-0.03202338144183159,0.6171620488166809,0.6321230530738831,-0.047306373715400696,0.5730159878730774,0.6643248796463013,-0.04912109673023224,0.5515749454498291,0.6944157481193542,-0.04918072000145912,0.6834852695465088,0.685603678226471,-0.07004822045564651,0.6287139058113098,0.6579058170318604,-0.08282060921192169,0.5954198837280273,0.6719977855682373,-0.08326233178377151,0.5749856233596802,0.6937739849090576,-0.08209026604890823,d
0.7133997678756714,0.8403088450431824,-1.3711286328543792e-07,0.6384968757629395,0.7892841100692749,0.058648962527513504,0.6087529063224792,0.7455699443817139,0.06459702551364899,0.5798392295837402,0.7186359167098999,0.04932231456041336,0.5461439490318298,0.6854512095451355,0.0283402930945158,0.6713355183601379,0.6456014513969421,0.05784274637699127,0.6595944762229919,0.5679231286048889,0.05459674075245857,0.6592599749565125,0.5191195607185364,0.04822424426674843,0.657139778137207,0.4762226641178131,0.04065382108092308,0.6863341331481934,0.6536128520965576,0.010178160853683949,0.6139400005340576,0.6168069839477539,-0.0011563870357349515,0.5670161247253418,0.6453642249107361,-0.011194083839654922,0.5432398915290833,0.6700469851493835,-0.01819683238863945,0.6878184676170349,0.669482946395874,-0.035744186490774155,0.6174072623252869,0.6319008469581604,-0.048841796815395355,0.5733485221862793,0.6657359004020691,-0.04895062744617462,0.5527951121330261,0.6965901255607605,-0.0484653115272522,0.678629457950592,0.6855833530426025,-0.07779967784881592,0.6277408003807068,0.6556679606437683,-0.08844728767871857,0.594099760055542,0.6729287505149841,-0.0869397222995758,0.5742955803871155,0.6975935101509094,-0.08479934185743332,d
0.7142400741577148,0.8426189422607422,-1.1103214347940593e-07,0.6386138796806335,0.7915894985198975,0.05945536494255066,0.6087000966072083,0.7469527721405029,0.06564436852931976,0.5788280963897705,0.7200731039047241,0.05038696900010109,0.5437119007110596,0.68857342004776,0.029453307390213013,0.6715283393859863,0.646863579750061,0.06084822490811348,0.6598425507545471,0.5692664384841919,0.05851483717560768,0.6596071720123291,0.5205227732658386,0.05276220291852951,0.6575585007667542,0.47763651609420776,0.045536380261182785,0.6867730021476746,0.6531750559806824,0.012710382230579853,0.6134316325187683,0.6173482537269592,0.0023424839600920677,0.5659210681915283,0.6449328064918518,-0.007841345854103565,0.5416503548622131,0.6698339581489563,-0.015261598862707615,0.688507616519928,0.669150710105896,-0.03375706821680069,0.6164538264274597,0.632686972618103,-0.045997150242328644,0.572414219379425,0.6661306023597717,-0.046839501708745956,0.5516768097877502,0.6965538859367371,-0.047211844474077225,0.6797313690185547,0.6861981749534607,-0.07630395144224167,0.6280792355537415,0.6564854383468628,-0.08623410016298294,0.5943344831466675,0.6730297803878784,-0.0850493535399437,0.5741684436798096,0.6966950297355652,-0.08347189426422119,d
0.713103175163269,0.8410234451293945,-1.0453073429061988e-07,0.6379599571228027,0.7909755706787109,0.059416864067316055,0.6080127954483032,0.7468871474266052,0.06529060751199722,0.5776689648628235,0.7203207015991211,0.04974764958024025,0.5417728424072266,0.689616858959198,0.028551671653985977,0.671658456325531,0.6458654403686523,0.06152849271893501,0.6592954397201538,0.5682975053787231,0.05991285294294357,0.6589726805686951,0.5198143720626831,0.05426134169101715,0.6566838026046753,0.4768054485321045,0.04692799597978592,0.6867249608039856,0.6523757576942444,0.01375451497733593,0.61371910572052,0.6177187561988831,0.004356360528618097,0.5664249062538147,0.6456130146980286,-0.005884281825274229,0.542252242565155,0.6703802943229675,-0.013546224683523178,0.6879122257232666,0.66777503490448,-0.032286252826452255,0.6163478493690491,0.6321165561676025,-0.042857713997364044,0.572719156742096,0.665631115436554,-0.04366666078567505,0.5523048043251038,0.6961696743965149,-0.044514164328575134,0.6786084771156311,0.6840168833732605,-0.07450035959482193,0.6269238591194153,0.6572300791740417,-0.08276025205850601,0.5929403305053711,0.6737839579582214,-0.08147108554840088,0.5726367235183716,0.6971796154975891,-0.08017408102750778,d
0.7135111689567566,0.8433887958526611,-1.0562367691591135e-07,0.6371719837188721,0.7921897172927856,0.048778779804706573,0.6078398823738098,0.7460874915122986,0.051515817642211914,0.5778428912162781,0.7186633348464966,0.03521731123328209,0.5429065823554993,0.6885145306587219,0.013910961337387562,0.6736453771591187,0.645530104637146,0.05112427473068237,0.6598593592643738,0.5693332552909851,0.04650488868355751,0.6602728962898254,0.5203763842582703,0.0392829105257988,0.6591988801956177,0.4770019054412842,0.03125707060098648,0.6904377937316895,0.650739312171936,0.008800962008535862,0.612849771976471,0.6173663139343262,-0.0035139648243784904,0.5658265948295593,0.6450960636138916,-0.014800534583628178,0.5425906181335449,0.6700027585029602,-0.022992901504039764,0.6926724314689636,0.6664580702781677,-0.032442837953567505,0.616198718547821,0.6336491703987122,-0.046073902398347855,0.571541965007782,0.6661614775657654,-0.04790602624416351,0.550063967704773,0.6963145732879639,-0.048752617090940475,0.6825200319290161,0.6854514479637146,-0.07068103551864624,0.6272605061531067,0.6582607626914978,-0.08120077103376389,0.5945025086402893,0.6740596294403076,-0.08059150725603104,0.5749437808990479,0.6980577707290649,-0.07930420339107513,d
0.714330792427063,0.842144787311554,-1.301065992720396e-07,0.6387542486190796,0.7895915508270264,0.05823807790875435,0.6083636283874512,0.7452725768089294,0.06381506472826004,0.5785132646560669,0.7187683582305908,0.04828379675745964,0.5445141196250916,0.6862250566482544,0.027134569361805916,0.6714491248130798,0.6458351016044617,0.057703275233507156,0.6598734855651855,0.5679267644882202,0.0553165003657341,0.6591734290122986,0.5196146965026855,0.049868736416101456,0.656928300857544,0.4766678810119629,0.04289255291223526,0.6864543557167053,0.6534673571586609,0.010403786785900593,0.6137062907218933,0.6184442639350891,-0.00012202187645016238,0.5666226148605347,0.6471061110496521,-0.009698865003883839,0.5430616736412048,0.6714536547660828,-0.016502082347869873,0.6880744099617004,0.6696767807006836,-0.035086531192064285,0.6172328591346741,0.6343995332717896,-0.047041360288858414,0.5724481344223022,0.667838990688324,-0.04702712222933769,0.5511102080345154,0.697711706161499,-0.04674419388175011,0.6788792610168457,0.6865251660346985,-0.07676037400960922,0.6274645924568176,0.6576535701751709,-0.08598475158214569,0.593700110912323,0.6747732758522034,-0.08394882827997208,0.5735719203948975,0.6990125775337219,-0.08163813501596451,d
0.7119508981704712,0.8437291979789734,-1.2598779619565903e-07,0.6369410753250122,0.7933732271194458,0.055619001388549805,0.6063904166221619,0.7481622099876404,0.06138543039560318,0.5756651759147644,0.7209696769714355,0.04682639613747597,0.5406789779663086,0.6895034909248352,0.02695647068321705,0.6724169254302979,0.6472254991531372,0.05877390503883362,0.6594529747962952,0.5689188241958618,0.05637020617723465,0.6596531867980957,0.5201922059059143,0.05054659768939018,0.6579559445381165,0.4773053824901581,0.04348676651716232,0.6887922883033752,0.6526742577552795,0.013671793974936008,0.6119052171707153,0.6187154054641724,0.0035522086545825005,0.5653344392776489,0.6474563479423523,-0.00730210542678833,0.5426197648048401,0.6730949282646179,-0.015258297324180603,0.6905725002288818,0.6676618456840515,-0.029893603175878525,0.615344226360321,0.6327342391014099,-0.04173227399587631,0.5714101195335388,0.6671327948570251,-0.043249864131212234,0.5505561232566833,0.6975448131561279,-0.044010840356349945,0.6807644367218018,0.6843283772468567,-0.06979034841060638,0.6265066862106323,0.6569626331329346,-0.07902301847934723,0.592790961265564,0.6747984290122986,-0.07793276757001877,0.5723121762275696,0.698860764503479,-0.07624959200620651,d
0.7155447006225586,0.8446221947669983,-1.3445338709061616e-07,0.6392019987106323,0.7939071655273438,0.05634569376707077,0.6092453002929688,0.748972475528717,0.061844512820243835,0.5793517827987671,0.7214688658714294,0.04634815827012062,0.5442665815353394,0.6894567012786865,0.02518639527261257,0.6719030737876892,0.647172749042511,0.059288669377565384,0.6596208810806274,0.5700880289077759,0.05665801838040352,0.6597154140472412,0.5207487344741821,0.049971871078014374,0.6580871343612671,0.47699838876724243,0.04182611033320427,0.6879000067710876,0.6530680656433105,0.012525208294391632,0.6125924587249756,0.619204580783844,0.0009206730173900723,0.5648067593574524,0.6467426419258118,-0.011356323957443237,0.5404863953590393,0.6715393662452698,-0.02028152346611023,0.6903807520866394,0.668156623840332,-0.032655034214258194,0.6166772842407227,0.6338179111480713,-0.04611745476722717,0.5714913010597229,0.6671733260154724,-0.0486515536904335,0.5495535731315613,0.6977500319480896,-0.050091132521629333,0.6815646290779114,0.6848891973495483,-0.07414449006319046,0.627358078956604,0.6571657657623291,-0.08477720618247986,0.593961775302887,0.6757311224937439,-0.08405270427465439,0.5742084980010986,0.701714277267456,-0.08274087309837341,d
0.7119675874710083,0.8410120010375977,-1.201563009090023e-07,0.6368528008460999,0.7903661727905273,0.06036771088838577,0.6063284873962402,0.7479366064071655,0.0667630061507225,0.5764873623847961,0.7217634320259094,0.05179000645875931,0.542094886302948,0.6892505884170532,0.031193656846880913,0.6705246567726135,0.646821141242981,0.06082833558320999,0.6584997773170471,0.568844735622406,0.05857212096452713,0.6585323810577393,0.5199753642082214,0.05229640007019043,0.6566974520683289,0.47678694128990173,0.04476471245288849,0.6854199171066284,0.6539406776428223,0.013019997626543045,0.611944317817688,0.6194162368774414,0.003548634937033057,0.5655636191368103,0.6492220163345337,-0.006800096482038498,0.5429646968841553,0.6744136214256287,-0.014570670202374458,0.686578094959259,0.6695834994316101,-0.032856717705726624,0.6153427362442017,0.6329725980758667,-0.04341794550418854,0.572266697883606,0.668376624584198,-0.04391489923000336,0.5532544851303101,0.6995315551757812,-0.04451429098844528,0.6773585677146912,0.6852314472198486,-0.0747092217206955,0.6257480978965759,0.6572467088699341,-0.08302588760852814,0.5917742252349854,0.6770123243331909,-0.08111682534217834,0.5725141167640686,0.7027046084403992,-0.07912954688072205,d
0.7136138081550598,0.8452907204627991,-1.3049826463884528e-07,0.6371014714241028,0.7945988178253174,0.04988917335867882,0.6073900461196899,0.7483628988265991,0.053464435040950775,0.5768088102340698,0.7211745381355286,0.03800481557846069,0.5417353510856628,0.6911548376083374,0.017526881769299507,0.6734490990638733,0.6476346850395203,0.050612881779670715,0.6593330502510071,0.5707522630691528,0.045507438480854034,0.6591801643371582,0.5211603045463562,0.038104161620140076,0.657463788986206,0.4779145419597626,0.030114319175481796,0.6900720596313477,0.6534329652786255,0.008066306822001934,0.611354410648346,0.6196551322937012,-0.004990478046238422,0.5644603967666626,0.6490797400474548,-0.016459615901112556,0.5418511033058167,0.6754818558692932,-0.024542827159166336,0.6924174427986145,0.6695446372032166,-0.033177103847265244,0.6150170564651489,0.6360743045806885,-0.047467734664678574,0.5705287456512451,0.6697356104850769,-0.04909118264913559,0.5496181845664978,0.7000634074211121,-0.04947471246123314,0.6822267770767212,0.6886537075042725,-0.07120873779058456,0.6258934140205383,0.6611894965171814,-0.08226512372493744,0.593228816986084,0.677473783493042,-0.08157408237457275,0.5740858912467957,0.7010756731033325,-0.0799148678779602,d
0.713407039642334,0.8446184396743774,-1.413389014714994e-07,0.6376855373382568,0.7926901578903198,0.05427522584795952,0.6073087453842163,0.7481598258018494,0.05872725322842598,0.5774986743927002,0.72197026014328,0.043165843933820724,0.5437291860580444,0.6907712817192078,0.022095806896686554,0.6717436909675598,0.6477903127670288,0.051888998597860336,0.6590498089790344,0.570795476436615,0.04706432670354843,0.6588445901870728,0.5216902494430542,0.03989633545279503,0.6571112275123596,0.47830930352211,0.031881481409072876,0.6874918937683105,0.6557543277740479,0.006520559079945087,0.6127314567565918,0.6200772523880005,-0.006686035543680191,0.5659063458442688,0.6487258076667786,-0.017756378278136253,0.5427412986755371,0.6739898324012756,-0.02549969218671322,0.6896892786026001,0.6722961068153381,-0.037182118743658066,0.6176767349243164,0.6360155940055847,-0.05204473063349724,0.5727188587188721,0.6691376566886902,-0.05357277765870094,0.5511374473571777,0.6991367936134338,-0.05387115851044655,0.6805194020271301,0.6897671818733215,-0.07723287492990494,0.6282659769058228,0.6601529121398926,-0.08922933042049408,0.5954399704933167,0.6774491667747498,-0.08869875222444534,0.576025664806366,0.7021105289459229,-0.08710774034261703,d
0.7131564021110535,0.8462359309196472,-1.3494552320025832e-07,0.6376569867134094,0.7949565649032593,0.051413241773843765,0.6069847345352173,0.7497003674507141,0.055838774889707565,0.5766896605491638,0.7223575115203857,0.040959618985652924,0.5426174402236938,0.6914923191070557,0.020977860316634178,0.6726971864700317,0.6483423113822937,0.05368760973215103,0.6585860848426819,0.5714470744132996,0.04987691715359688,0.658516526222229,0.5225456953048706,0.04305560141801834,0.656862735748291,0.47966331243515015,0.0353829450905323,0.6889441013336182,0.6539595723152161,0.010639688931405544,0.6114679574966431,0.6209697127342224,-0.0013118175556883216,0.5650116801261902,0.6501160860061646,-0.013112170621752739,0.5422370433807373,0.6762049794197083,-0.021477555856108665,0.6910911202430725,0.6690657138824463,-0.031029948964715004,0.6155667304992676,0.6364595293998718,-0.044611766934394836,0.5710293650627136,0.6707289218902588,-0.04725601151585579,0.5495231747627258,0.701349675655365,-0.04839855805039406,0.6815283298492432,0.6864644289016724,-0.06930693238973618,0.6263902187347412,0.6605411171913147,-0.07974854111671448,0.5934707522392273,0.6783295273780823,-0.0793595165014267,0.5737783312797546,0.7025100588798523,-0.07795614004135132,d
0.7127271890640259,0.8419607877731323,-1.268218881023131e-07,0.6370711922645569,0.7901556491851807,0.05699871480464935,0.6069092750549316,0.7470003962516785,0.061635565012693405,0.577262818813324,0.7204586863517761,0.0453505776822567,0.5430078506469727,0.687984824180603,0.02356855757534504,0.6693183183670044,0.6474179625511169,0.05619639530777931,0.657900869846344,0.5701637268066406,0.05215546861290932,0.6574029326438904,0.5214835405349731,0.045406077057123184,0.6553856730461121,0.47832733392715454,0.03771129623055458,0.6843312978744507,0.6557430028915405,0.008950849995017052,0.6120216250419617,0.6207481622695923,-0.003760105464607477,0.5648454427719116,0.6508976817131042,-0.014435827732086182,0.5412461757659912,0.6771037578582764,-0.021572181954979897,0.6862532496452332,0.671830952167511,-0.03665827959775925,0.6167575716972351,0.6373170614242554,-0.05050128325819969,0.5718689560890198,0.6708404421806335,-0.05120173469185829,0.5509756803512573,0.700761616230011,-0.051001470535993576,0.6775022149085999,0.6876093745231628,-0.07851885259151459,0.6270419359207153,0.6602777242660522,-0.08902803808450699,0.5937731266021729,0.6780227422714233,-0.08750992268323898,0.5748214721679688,0.7025739550590515,-0.08531580120325089,d
0.7139756679534912,0.8453128337860107,-1.3155164424460963e-07,0.6383329033851624,0.7952513098716736,0.05748217925429344,0.6080440282821655,0.750038206577301,0.06393059343099594,0.5779421925544739,0.723459005355835,0.04985269531607628,0.5431880950927734,0.6932383179664612,0.030374914407730103,0.6724225878715515,0.6487445831298828,0.05846921354532242,0.6580107808113098,0.5715770125389099,0.0559612512588501,0.6576969027519226,0.5217994451522827,0.04997071251273155,0.655951738357544,0.47856342792510986,0.04286644607782364,0.6873087286949158,0.6546303033828735,0.012594765052199364,0.6108947992324829,0.6198559999465942,0.0032555824145674706,0.5638209581375122,0.6488665342330933,-0.006763671524822712,0.5407224893569946,0.6744869351387024,-0.014310741797089577,0.6886048913002014,0.6700006723403931,-0.03148588165640831,0.6139216423034668,0.6347111463546753,-0.04200606048107147,0.5698869228363037,0.6701824069023132,-0.04253177344799042,0.5500078201293945,0.7011359930038452,-0.04306555166840553,0.6785669922828674,0.6869236826896667,-0.07180726528167725,0.6241740584373474,0.6585626006126404,-0.07978157699108124,0.5901651978492737,0.6773121356964111,-0.07779262214899063,0.5707836151123047,0.7024237513542175,-0.07576284557580948,d
0.7130208611488342,0.8463436961174011,-1.2720018105483177e-07,0.6374216675758362,0.7948556542396545,0.05411000922322273,0.6073816418647766,0.7497683763504028,0.05931409075856209,0.5775802135467529,0.7226622700691223,0.04459000006318092,0.543229341506958,0.6919974088668823,0.024575840681791306,0.6710478663444519,0.6496143341064453,0.05532888323068619,0.65833580493927,0.5712541937828064,0.051909297704696655,0.6584601998329163,0.5218840837478638,0.045756109058856964,0.6568501591682434,0.47841504216194153,0.03852245211601257,0.6872347593307495,0.6552746295928955,0.010590584017336369,0.610512912273407,0.6209486722946167,-0.0009834695374593139,0.563657820224762,0.650606632232666,-0.011529235169291496,0.5406047105789185,0.677226722240448,-0.018852973356842995,0.6895066499710083,0.670640230178833,-0.03265519067645073,0.6142446398735046,0.6364997625350952,-0.04599326103925705,0.5698185563087463,0.671227753162384,-0.04720643162727356,0.5489517450332642,0.7016782760620117,-0.04736141860485077,0.6803693175315857,0.6878719329833984,-0.07236529141664505,0.6262689828872681,0.6605511903762817,-0.08322939276695251,0.5930317640304565,0.6781207919120789,-0.08242888003587723,0.5737084746360779,0.7021854519844055,-0.08061885833740234,d
0.7121584415435791,0.8443637490272522,-1.1805147437371488e-07,0.6369704008102417,0.7930788993835449,0.055872563272714615,0.6079775094985962,0.7490082383155823,0.06087234988808632,0.5786302089691162,0.7222439050674438,0.04539616405963898,0.5439199805259705,0.6912256479263306,0.02439022809267044,0.6705889701843262,0.6488239765167236,0.05635596811771393,0.6585924625396729,0.5707626342773438,0.05304630100727081,0.658369243144989,0.521864652633667,0.04658730328083038,0.6566614508628845,0.478712260723114,0.039034340530633926,0.6861339807510376,0.6554571390151978,0.010463892482221127,0.611011266708374,0.6202726364135742,-0.0006105942302383482,0.5641732811927795,0.6495970487594604,-0.011203013360500336,0.5414566397666931,0.6758962869644165,-0.018845370039343834,0.6880397200584412,0.6714044809341431,-0.03378033638000488,0.614791750907898,0.6364784836769104,-0.04610427841544151,0.5706388354301453,0.67015540599823,-0.04695036634802818,0.5502055883407593,0.7000523209571838,-0.04737003520131111,0.678933322429657,0.6886608004570007,-0.07438311725854874,0.6265137195587158,0.6608868837356567,-0.0837402269244194,0.5937824249267578,0.6782528758049011,-0.08206908404827118,0.574884831905365,0.7024301290512085,-0.0801180973649025,d
0.7139708399772644,0.8461049795150757,-1.2833930895794765e-07,0.6381838917732239,0.7954195141792297,0.051530808210372925,0.6073563694953918,0.7496718168258667,0.05571401119232178,0.576808512210846,0.7221466302871704,0.0405307374894619,0.5423551201820374,0.6914320588111877,0.02024567313492298,0.6725465655326843,0.649148166179657,0.05265272781252861,0.658397376537323,0.5712308287620544,0.04863295331597328,0.6583993434906006,0.5225009918212891,0.04221193492412567,0.6568557620048523,0.47951143980026245,0.034853316843509674,0.6885414123535156,0.6549616456031799,0.009219261817634106,0.6102688908576965,0.6200271248817444,-0.0028156214393675327,0.5640647411346436,0.6502695083618164,-0.013238159939646721,0.5423429608345032,0.6770324110984802,-0.020508037880063057,0.6904306411743164,0.6706786751747131,-0.032882366329431534,0.6139613389968872,0.6362637877464294,-0.04651665315032005,0.5699929594993591,0.6714364886283875,-0.04746086522936821,0.5498809814453125,0.7020498514175415,-0.04740254580974579,0.6805837750434875,0.6888052225112915,-0.07166822999715805,0.6257756352424622,0.6607136726379395,-0.0825023502111435,0.5928791165351868,0.6780379414558411,-0.08149028569459915,0.5738951563835144,0.7020481824874878,-0.0795782133936882,d
0.713666558265686,0.8451289534568787,-1.3832858769546874e-07,0.6383110284805298,0.7939977049827576,0.055793337523937225,0.6089635491371155,0.7495768666267395,0.06155150383710861,0.5795401930809021,0.7226607203483582,0.04700201377272606,0.5447915196418762,0.6921438574790955,0.026990491896867752,0.6717187166213989,0.6486440896987915,0.05745609104633331,0.6586442589759827,0.5704265832901001,0.054751355201005936,0.6583006381988525,0.5217826962471008,0.0485636331140995,0.6567138433456421,0.4784107208251953,0.041176263242959976,0.6869857907295227,0.6558085083961487,0.011943845078349113,0.6111999750137329,0.6202671527862549,0.0009222322260029614,0.5642382502555847,0.6499362587928772,-0.010135568678379059,0.5415553450584412,0.6766518354415894,-0.017985226586461067,0.6884664297103882,0.6715565919876099,-0.03191951662302017,0.6147261261940002,0.6355985999107361,-0.044485464692115784,0.570002019405365,0.669823169708252,-0.04626326635479927,0.5492298007011414,0.7001211643218994,-0.04714323207736015,0.679085910320282,0.6882480978965759,-0.07207422703504562,0.6252593398094177,0.6596344709396362,-0.08182226866483688,0.5918891429901123,0.6782117486000061,-0.08064251393079758,0.5728939175605774,0.7031381130218506,-0.07891259342432022,d
0.7137624025344849,0.8450982570648193,-1.3592146785867953e-07,0.6378461122512817,0.7941640615463257,0.05554867163300514,0.6075857281684875,0.7497403025627136,0.06151394173502922,0.5777343511581421,0.7226133346557617,0.047419194132089615,0.5431182980537415,0.6917610764503479,0.02801753580570221,0.6717685461044312,0.6485990285873413,0.056734900921583176,0.6589983701705933,0.5716143846511841,0.05392695218324661,0.6586997509002686,0.5231308937072754,0.04792967811226845,0.6570279598236084,0.4801868200302124,0.04087093099951744,0.6874163150787354,0.6548852920532227,0.01194512378424406,0.6112629771232605,0.619622528553009,0.001782415434718132,0.5650485754013062,0.6496824622154236,-0.008148652501404285,0.5429158210754395,0.6763439774513245,-0.015298348851501942,0.6890367269515991,0.670649528503418,-0.03119361400604248,0.6145485639572144,0.635688304901123,-0.04295935481786728,0.5707353353500366,0.6698052287101746,-0.043484706431627274,0.5504439473152161,0.6998593807220459,-0.04353580251336098,0.6791753172874451,0.6879656314849854,-0.07065951079130173,0.6251741647720337,0.6599750518798828,-0.07972712814807892,0.5917502045631409,0.6781076192855835,-0.07781001925468445,0.5723497867584229,0.7024686336517334,-0.0754697397351265,d
0.7139708995819092,0.847150981426239,-1.3526157260912441e-07,0.6386116147041321,0.7965019941329956,0.05058739334344864,0.6086455583572388,0.7506151795387268,0.055008940398693085,0.5786593556404114,0.7235980033874512,0.04022197425365448,0.5441423058509827,0.6934815049171448,0.02033238112926483,0.6732175946235657,0.6493555307388306,0.053203288465738297,0.659117579460144,0.5720686912536621,0.049349263310432434,0.658993661403656,0.5230718851089478,0.042902108281850815,0.6574129462242126,0.4798803925514221,0.035584647208452225,0.689863920211792,0.6548589468002319,0.010482853278517723,0.6108810305595398,0.6206095218658447,-0.001462496817111969,0.5639736652374268,0.6504156589508057,-0.012559308670461178,0.5414283275604248,0.6772990226745605,-0.020261215046048164,0.6920306086540222,0.6702508926391602,-0.03098542056977749,0.6144525408744812,0.6360427737236023,-0.044831790030002594,0.5696959495544434,0.6710518002510071,-0.04678771272301674,0.5487244129180908,0.7020503282546997,-0.04726638272404671,0.6820055246353149,0.6882543563842773,-0.06916596740484238,0.6257301568984985,0.6602235436439514,-0.08001799881458282,0.5921250581741333,0.6779813170433044,-0.07932548969984055,0.5725108981132507,0.7024373412132263,-0.07759150117635727,d
0.713689386844635,0.8448162078857422,-1.3406850030150963e-07,0.6390284299850464,0.7928158044815063,0.059176765382289886,0.6084310412406921,0.7484159469604492,0.06537290662527084,0.5786142349243164,0.7217971682548523,0.050030775368213654,0.5442327260971069,0.6886963844299316,0.028882555663585663,0.6709403991699219,0.6485270857810974,0.05958464741706848,0.6599799990653992,0.5710985064506531,0.05699395015835762,0.6589359045028687,0.5228623151779175,0.05160248279571533,0.6566844582557678,0.4798867106437683,0.0446452796459198,0.6859059929847717,0.6561457514762878,0.011223173700273037,0.6127133369445801,0.6190825700759888,-0.0006983941420912743,0.5650618672370911,0.6495888233184814,-0.010594850406050682,0.5418909788131714,0.6768692135810852,-0.017069987952709198,0.6872413754463196,0.6725001931190491,-0.03544716536998749,0.6159481406211853,0.635915994644165,-0.049404047429561615,0.5714121460914612,0.6694304347038269,-0.049806859344244,0.5509833097457886,0.6995738744735718,-0.04917706921696663,0.6777555346488953,0.6895415186882019,-0.07815459370613098,0.6260167360305786,0.6593771576881409,-0.0895550474524498,0.592505931854248,0.676112949848175,-0.08836092054843903,0.5734671950340271,0.6999752521514893,-0.08627017587423325,d
